Job Title,Skills,Job Description,Career Category,Combined Text,Cleaned Text
ADMIN BIG DATA,"Big Data Management, Hadoop, Spark, Data Warehousing, SQL","Administers and manages large datasets, ensuring data integrity and accessibility.",Data,"ADMIN BIG DATA Big Data Management, Hadoop, Spark, Data Warehousing, SQL Administers and manages large datasets, ensuring data integrity and accessibility.",admin big data big data management hadoop spark data warehousing sql administers and manages large datasets ensuring data integrity and accessibility.
AGILE PROJECT MANAGER,"Agile Methodologies, Scrum, Kanban, Project Management Tools, Leadership","Leads projects using agile frameworks, focusing on iterative development and team collaboration.",Other IT,"AGILE PROJECT MANAGER Agile Methodologies, Scrum, Kanban, Project Management Tools, Leadership Leads projects using agile frameworks, focusing on iterative development and team collaboration.",agile project manager agile methodologies scrum kanban project management tools leadership leads projects using agile frameworks focusing on iterative development and team collaboration.
ANSIBLE AUTOMATION ENGINEER,"Ansible, Automation Scripts, Linux, Networking, Cloud Computing","Designs and implements automation solutions using Ansible, streamlining IT processes.",DevOps / Cloud,"ANSIBLE AUTOMATION ENGINEER Ansible, Automation Scripts, Linux, Networking, Cloud Computing Designs and implements automation solutions using Ansible, streamlining IT processes.",ansible automation engineer ansible automation scripts linux networking cloud computing designs and implements automation solutions using ansible streamlining it processes.
APPLICATION SECURITY ENGINEER,"Security Protocols, Penetration Testing, Secure Coding Practices, Compliance",Develops secure applications by integrating security measures and testing vulnerabilities.,Cybersecurity,"APPLICATION SECURITY ENGINEER Security Protocols, Penetration Testing, Secure Coding Practices, Compliance Develops secure applications by integrating security measures and testing vulnerabilities.",application security engineer security protocols penetration testing secure coding practices compliance develops secure applications by integrating security measures and testing vulnerabilities.
ARTIFACTORY ADMINISTRATOR,"Artifactory, Repository Management, DevOps Tools, CI/CD Pipelines","Manages artifact repositories, ensuring efficient deployment and version control.",DevOps / Cloud,"ARTIFACTORY ADMINISTRATOR Artifactory, Repository Management, DevOps Tools, CI/CD Pipelines Manages artifact repositories, ensuring efficient deployment and version control.",artifactory administrator artifactory repository management devops tools ci cd pipelines manages artifact repositories ensuring efficient deployment and version control.
ARTIFACTORY ENGINEER,"Artifactory, DevOps Practices, Continuous Integration, Software Packaging",Configures and optimizes Artifactory for efficient software deployment and management.,DevOps / Cloud,"ARTIFACTORY ENGINEER Artifactory, DevOps Practices, Continuous Integration, Software Packaging Configures and optimizes Artifactory for efficient software deployment and management.",artifactory engineer artifactory devops practices continuous integration software packaging configures and optimizes artifactory for efficient software deployment and management.
ARTIFICIAL INTELLIGENCE / MACHINE LEARNING LEADER,"AI/ML Frameworks, Leadership, Strategic Planning, Data Science","Leads AI/ML projects, developing strategies and overseeing teams to integrate AI solutions.",AI / Machine Learning,"ARTIFICIAL INTELLIGENCE / MACHINE LEARNING LEADER AI/ML Frameworks, Leadership, Strategic Planning, Data Science Leads AI/ML projects, developing strategies and overseeing teams to integrate AI solutions.",artificial intelligence machine learning leader ai ml frameworks leadership strategic planning data science leads ai ml projects developing strategies and overseeing teams to integrate ai solutions.
ARTIFICIAL INTELLIGENCE / MACHINE LEARNING SR.LEADER,"Advanced AI/ML, Leadership, Strategic Vision, Team Management","Leads senior AI/ML projects, sets strategic direction, and manages teams.",AI / Machine Learning,"ARTIFICIAL INTELLIGENCE / MACHINE LEARNING SR.LEADER Advanced AI/ML, Leadership, Strategic Vision, Team Management Leads senior AI/ML projects, sets strategic direction, and manages teams.",artificial intelligence machine learning sr.leader advanced ai ml leadership strategic vision team management leads senior ai ml projects sets strategic direction and manages teams.
ARTIFICIAL INTELLIGENCE ARCHITECT,"AI/ML Frameworks, System Architecture, Cloud Computing, Data Modeling","Designs and implements AI systems architecture, ensuring scalability and efficiency.",AI / Machine Learning,"ARTIFICIAL INTELLIGENCE ARCHITECT AI/ML Frameworks, System Architecture, Cloud Computing, Data Modeling Designs and implements AI systems architecture, ensuring scalability and efficiency.",artificial intelligence architect ai ml frameworks system architecture cloud computing data modeling designs and implements ai systems architecture ensuring scalability and efficiency.
ARTIFICIAL INTELLIGENCE RESEARCHER,"Research Methodologies, AI/ML Algorithms, Python, Data Analysis","Conducts research to advance AI technologies, develops new algorithms, and publishes findings.",AI / Machine Learning,"ARTIFICIAL INTELLIGENCE RESEARCHER Research Methodologies, AI/ML Algorithms, Python, Data Analysis Conducts research to advance AI technologies, develops new algorithms, and publishes findings.",artificial intelligence researcher research methodologies ai ml algorithms python data analysis conducts research to advance ai technologies develops new algorithms and publishes findings.
AWS DEVOPS ENGINEER,"AWS Services, DevOps Practices, CI/CD Pipelines, Automation","Implements DevOps practices on AWS, automating processes and ensuring system reliability.",DevOps / Cloud,"AWS DEVOPS ENGINEER AWS Services, DevOps Practices, CI/CD Pipelines, Automation Implements DevOps practices on AWS, automating processes and ensuring system reliability.",aws devops engineer aws services devops practices ci cd pipelines automation implements devops practices on aws automating processes and ensuring system reliability.
AWS SOLUTIONS ARCHITECT,"AWS Services, Cloud Architecture, Solution Design, Cost Optimization","Designs scalable and cost-effective solutions on AWS, ensuring alignment with business needs.",DevOps / Cloud,"AWS SOLUTIONS ARCHITECT AWS Services, Cloud Architecture, Solution Design, Cost Optimization Designs scalable and cost-effective solutions on AWS, ensuring alignment with business needs.",aws solutions architect aws services cloud architecture solution design cost optimization designs scalable and cost effective solutions on aws ensuring alignment with business needs.
AZURE DEVOPS ENGINEER,"Azure Services, DevOps Practices, CI/CD Pipelines, Automation","Implements DevOps practices on Azure, automating processes and ensuring system reliability.",DevOps / Cloud,"AZURE DEVOPS ENGINEER Azure Services, DevOps Practices, CI/CD Pipelines, Automation Implements DevOps practices on Azure, automating processes and ensuring system reliability.",azure devops engineer azure services devops practices ci cd pipelines automation implements devops practices on azure automating processes and ensuring system reliability.
BAMBOO ENGINEER,"Bamboo, CI/CD Pipelines, Build Automation, Software Configuration Management",Configures and manages Bamboo for continuous integration and delivery.,DevOps / Cloud,"BAMBOO ENGINEER Bamboo, CI/CD Pipelines, Build Automation, Software Configuration Management Configures and manages Bamboo for continuous integration and delivery.",bamboo engineer bamboo ci cd pipelines build automation software configuration management configures and manages bamboo for continuous integration and delivery.
BIG DATA ARCHITECT,"Big Data Technologies, Hadoop, Spark, Data Warehousing, System Design","Designs and oversees big data solutions, ensuring scalability and performance.",Data,"BIG DATA ARCHITECT Big Data Technologies, Hadoop, Spark, Data Warehousing, System Design Designs and oversees big data solutions, ensuring scalability and performance.",big data architect big data technologies hadoop spark data warehousing system design designs and oversees big data solutions ensuring scalability and performance.
BIG DATA ENGINEER,"Hadoop, Spark, ETL Processes, Data Processing, Database Management","Develops and maintains big data infrastructure, ensuring data quality and accessibility.",Data,"BIG DATA ENGINEER Hadoop, Spark, ETL Processes, Data Processing, Database Management Develops and maintains big data infrastructure, ensuring data quality and accessibility.",big data engineer hadoop spark etl processes data processing database management develops and maintains big data infrastructure ensuring data quality and accessibility.
BIG DATA SPECIALIST,"Big Data Technologies, Data Analysis, SQL, Data Mining",Analyzes and interprets large datasets to provide insights and support decision-making.,Data,"BIG DATA SPECIALIST Big Data Technologies, Data Analysis, SQL, Data Mining Analyzes and interprets large datasets to provide insights and support decision-making.",big data specialist big data technologies data analysis sql data mining analyzes and interprets large datasets to provide insights and support decision making.
BITBUCKET ENGINEER,"Bitbucket, Git, Version Control, CI/CD Integration",Manages and configures Bitbucket for efficient version control and collaboration.,DevOps / Cloud,"BITBUCKET ENGINEER Bitbucket, Git, Version Control, CI/CD Integration Manages and configures Bitbucket for efficient version control and collaboration.",bitbucket engineer bitbucket git version control ci cd integration manages and configures bitbucket for efficient version control and collaboration.
BLOCKCHAIN DEVELOPER,"Blockchain Technologies, Solidity, Cryptography, Smart Contracts","Develops blockchain applications and smart contracts, ensuring security and functionality.",Other IT,"BLOCKCHAIN DEVELOPER Blockchain Technologies, Solidity, Cryptography, Smart Contracts Develops blockchain applications and smart contracts, ensuring security and functionality.",blockchain developer blockchain technologies solidity cryptography smart contracts develops blockchain applications and smart contracts ensuring security and functionality.
BUILD AND RELEASE ENGINEER,"CI/CD Pipelines, Build Systems, Automation, Configuration Management","Manages build and release processes, ensuring smooth and reliable software deployments.",DevOps / Cloud,"BUILD AND RELEASE ENGINEER CI/CD Pipelines, Build Systems, Automation, Configuration Management Manages build and release processes, ensuring smooth and reliable software deployments.",build and release engineer ci cd pipelines build systems automation configuration management manages build and release processes ensuring smooth and reliable software deployments.
BUILD ENGINEER,"Build Systems, Scripting, Automation, Software Configuration Management","Develops and maintains build systems, automating software compilation and testing.",Other IT,"BUILD ENGINEER Build Systems, Scripting, Automation, Software Configuration Management Develops and maintains build systems, automating software compilation and testing.",build engineer build systems scripting automation software configuration management develops and maintains build systems automating software compilation and testing.
BUSINESS SYSTEMS ANALYST,"Requirements Gathering, Process Analysis, System Design, Documentation","Analyzes business processes and system requirements, providing solutions to improve efficiency.",Other IT,"BUSINESS SYSTEMS ANALYST Requirements Gathering, Process Analysis, System Design, Documentation Analyzes business processes and system requirements, providing solutions to improve efficiency.",business systems analyst requirements gathering process analysis system design documentation analyzes business processes and system requirements providing solutions to improve efficiency.
C# DEVELOPER,"C#, .NET Framework, ASP.NET, Software Development, Object-Oriented Programming","Develops applications using C# and the .NET framework, focusing on functionality and performance.",Backend Development,"C# DEVELOPER C#, .NET Framework, ASP.NET, Software Development, Object-Oriented Programming Develops applications using C# and the .NET framework, focusing on functionality and performance.",c# developer c# .net framework asp.net software development object oriented programming develops applications using c# and the .net framework focusing on functionality and performance.
CHEF INSPEC ENGINEER,"Chef Inspec, Compliance Automation, Infrastructure Testing, Ruby",Automates compliance and infrastructure testing using Chef Inspec.,Other IT,"CHEF INSPEC ENGINEER Chef Inspec, Compliance Automation, Infrastructure Testing, Ruby Automates compliance and infrastructure testing using Chef Inspec.",chef inspec engineer chef inspec compliance automation infrastructure testing ruby automates compliance and infrastructure testing using chef inspec.
CHEF OPERATIONS ENGINEER,"Chef, Automation, Infrastructure Management, Ruby",Manages infrastructure and automates processes using Chef.,Network / System,"CHEF OPERATIONS ENGINEER Chef, Automation, Infrastructure Management, Ruby Manages infrastructure and automates processes using Chef.",chef operations engineer chef automation infrastructure management ruby manages infrastructure and automates processes using chef.
CLOUD ADMINISTRATOR,"Cloud Platforms, System Administration, Virtualization, Networking","Manages and maintains cloud infrastructure, ensuring availability and performance.",Network / System,"CLOUD ADMINISTRATOR Cloud Platforms, System Administration, Virtualization, Networking Manages and maintains cloud infrastructure, ensuring availability and performance.",cloud administrator cloud platforms system administration virtualization networking manages and maintains cloud infrastructure ensuring availability and performance.
CLOUD ARCHITECT,"Cloud Platforms, System Architecture, Cloud Security, DevOps",Designs and oversees the implementation of cloud computing strategies.,DevOps / Cloud,"CLOUD ARCHITECT Cloud Platforms, System Architecture, Cloud Security, DevOps Designs and oversees the implementation of cloud computing strategies.",cloud architect cloud platforms system architecture cloud security devops designs and oversees the implementation of cloud computing strategies.
CLOUD AUTOMATION ENGINEER,"Cloud Automation Tools, Scripting, Configuration Management, DevOps",Automates cloud infrastructure and deployment processes.,DevOps / Cloud,"CLOUD AUTOMATION ENGINEER Cloud Automation Tools, Scripting, Configuration Management, DevOps Automates cloud infrastructure and deployment processes.",cloud automation engineer cloud automation tools scripting configuration management devops automates cloud infrastructure and deployment processes.
CLOUD NETWORK ENGINEER,"Cloud Networking, Virtual Networks, Network Security, Cloud Platforms",Designs and manages cloud network infrastructure.,Network / System,"CLOUD NETWORK ENGINEER Cloud Networking, Virtual Networks, Network Security, Cloud Platforms Designs and manages cloud network infrastructure.",cloud network engineer cloud networking virtual networks network security cloud platforms designs and manages cloud network infrastructure.
CLOUD SECURITY ENGINEER,"Cloud Security, Security Protocols, Compliance, Cloud Platforms",Implements and manages security measures for cloud environments.,Cybersecurity,"CLOUD SECURITY ENGINEER Cloud Security, Security Protocols, Compliance, Cloud Platforms Implements and manages security measures for cloud environments.",cloud security engineer cloud security security protocols compliance cloud platforms implements and manages security measures for cloud environments.
CNC PROGRAMMER,"CNC Machines, CAD/CAM Software, G-Code, Manufacturing Processes",Develops programs for CNC machines used in manufacturing.,Other IT,"CNC PROGRAMMER CNC Machines, CAD/CAM Software, G-Code, Manufacturing Processes Develops programs for CNC machines used in manufacturing.",cnc programmer cnc machines cad cam software g code manufacturing processes develops programs for cnc machines used in manufacturing.
CODER,"Programming Languages, Scripting, Problem Solving, Software Development",Writes and tests code for software applications.,Backend Development,"CODER Programming Languages, Scripting, Problem Solving, Software Development Writes and tests code for software applications.",coder programming languages scripting problem solving software development writes and tests code for software applications.
COMPUTER GRAPHICS ANIMATOR,"Animation Software, 3D Modeling, Visual Effects, Graphic Design",Creates animations and visual effects for various media.,Other IT,"COMPUTER GRAPHICS ANIMATOR Animation Software, 3D Modeling, Visual Effects, Graphic Design Creates animations and visual effects for various media.",computer graphics animator animation software 3d modeling visual effects graphic design creates animations and visual effects for various media.
COMPUTER HARDWARE ENGINEER,"Hardware Design, Circuit Design, Embedded Systems, Testing",Designs and develops computer hardware components and systems.,Network / System,"COMPUTER HARDWARE ENGINEER Hardware Design, Circuit Design, Embedded Systems, Testing Designs and develops computer hardware components and systems.",computer hardware engineer hardware design circuit design embedded systems testing designs and develops computer hardware components and systems.
COMPUTER NETWORK ARCHITECT,"Network Design, Network Protocols, Security, System Architecture",Designs and plans computer networks.,Other IT,"COMPUTER NETWORK ARCHITECT Network Design, Network Protocols, Security, System Architecture Designs and plans computer networks.",computer network architect network design network protocols security system architecture designs and plans computer networks.
COMPUTER PROGRAMMER,"Programming Languages, Algorithms, Software Development, Debugging",Writes and tests code to create software programs.,Backend Development,"COMPUTER PROGRAMMER Programming Languages, Algorithms, Software Development, Debugging Writes and tests code to create software programs.",computer programmer programming languages algorithms software development debugging writes and tests code to create software programs.
COMPUTER RESEARCH SCIENTIST,"Research Methodologies, Data Analysis, Programming, Scientific Writing",Conducts research in computer science and develops new technologies.,Data,"COMPUTER RESEARCH SCIENTIST Research Methodologies, Data Analysis, Programming, Scientific Writing Conducts research in computer science and develops new technologies.",computer research scientist research methodologies data analysis programming scientific writing conducts research in computer science and develops new technologies.
COMPUTER SYSTEMS ANALYST,"Systems Analysis, Requirements Gathering, Process Improvement, IT Consulting",Analyzes computer systems and recommends improvements.,Other IT,"COMPUTER SYSTEMS ANALYST Systems Analysis, Requirements Gathering, Process Improvement, IT Consulting Analyzes computer systems and recommends improvements.",computer systems analyst systems analysis requirements gathering process improvement it consulting analyzes computer systems and recommends improvements.
CONFLUENCE ENGINEER,"Confluence, Atlassian Suite, Documentation, Collaboration Tools",Manages and configures Confluence for team collaboration.,Other IT,"CONFLUENCE ENGINEER Confluence, Atlassian Suite, Documentation, Collaboration Tools Manages and configures Confluence for team collaboration.",confluence engineer confluence atlassian suite documentation collaboration tools manages and configures confluence for team collaboration.
CONSUL ENGINEER,"Consul, Service Discovery, Infrastructure Automation, Networking",Manages and deploys Consul for service discovery.,Network / System,"CONSUL ENGINEER Consul, Service Discovery, Infrastructure Automation, Networking Manages and deploys Consul for service discovery.",consul engineer consul service discovery infrastructure automation networking manages and deploys consul for service discovery.
COVERAGE.PY ENGINEER,"Coverage.py, Python Testing, Test Coverage Analysis, Software Quality",Implements and manages code coverage tools for Python projects.,Other IT,"COVERAGE.PY ENGINEER Coverage.py, Python Testing, Test Coverage Analysis, Software Quality Implements and manages code coverage tools for Python projects.",coverage.py engineer coverage.py python testing test coverage analysis software quality implements and manages code coverage tools for python projects.
DATA ANALYST,"Data Analysis, SQL, Data Visualization, Statistical Analysis",Analyzes data to identify trends and insights.,Data,"DATA ANALYST Data Analysis, SQL, Data Visualization, Statistical Analysis Analyzes data to identify trends and insights.",data analyst data analysis sql data visualization statistical analysis analyzes data to identify trends and insights.
DATA ARCHITECT,"Data Modeling, Database Design, ETL Processes, Data Warehousing",Designs and manages data storage and retrieval systems.,Data,"DATA ARCHITECT Data Modeling, Database Design, ETL Processes, Data Warehousing Designs and manages data storage and retrieval systems.",data architect data modeling database design etl processes data warehousing designs and manages data storage and retrieval systems.
DATA ENGINEER,"ETL Processes, Data Warehousing, Big Data Technologies, Database Management",Develops and maintains data pipelines and infrastructure.,Data,"DATA ENGINEER ETL Processes, Data Warehousing, Big Data Technologies, Database Management Develops and maintains data pipelines and infrastructure.",data engineer etl processes data warehousing big data technologies database management develops and maintains data pipelines and infrastructure.
DATA MODELER,"Data Modeling Techniques, Database Design, Data Governance, Data Analysis",Creates and maintains data models.,Data,"DATA MODELER Data Modeling Techniques, Database Design, Data Governance, Data Analysis Creates and maintains data models.",data modeler data modeling techniques database design data governance data analysis creates and maintains data models.
DATA SCIENTIST,"Machine Learning, Statistical Analysis, Data Mining, Programming",Applies machine learning and statistical techniques to analyze data.,AI / Machine Learning,"DATA SCIENTIST Machine Learning, Statistical Analysis, Data Mining, Programming Applies machine learning and statistical techniques to analyze data.",data scientist machine learning statistical analysis data mining programming applies machine learning and statistical techniques to analyze data.
DATABASE ADMINISTRATOR,"Database Management, SQL, Performance Tuning, Backup and Recovery",Manages and maintains databases.,Data,"DATABASE ADMINISTRATOR Database Management, SQL, Performance Tuning, Backup and Recovery Manages and maintains databases.",database administrator database management sql performance tuning backup and recovery manages and maintains databases.
DATADOG ENGINEER,"Datadog, Monitoring, System Performance, Cloud Infrastructure",Implements and manages Datadog for system monitoring.,DevOps / Cloud,"DATADOG ENGINEER Datadog, Monitoring, System Performance, Cloud Infrastructure Implements and manages Datadog for system monitoring.",datadog engineer datadog monitoring system performance cloud infrastructure implements and manages datadog for system monitoring.
DEVOPS ARCHITECT,"DevOps Practices, Cloud Computing, Automation, System Architecture",Designs and implements DevOps strategies and infrastructure.,DevOps / Cloud,"DEVOPS ARCHITECT DevOps Practices, Cloud Computing, Automation, System Architecture Designs and implements DevOps strategies and infrastructure.",devops architect devops practices cloud computing automation system architecture designs and implements devops strategies and infrastructure.
DEVOPS ENGINEER,"Automation, CI/CD, Cloud Computing, Scripting",Automates software development and deployment processes.,DevOps / Cloud,"DEVOPS ENGINEER Automation, CI/CD, Cloud Computing, Scripting Automates software development and deployment processes.",devops engineer automation ci cd cloud computing scripting automates software development and deployment processes.
DEVOPS MANAGER,"DevOps Practices, Team Leadership, Project Management, Automation",Manages DevOps teams and projects.,DevOps / Cloud,"DEVOPS MANAGER DevOps Practices, Team Leadership, Project Management, Automation Manages DevOps teams and projects.",devops manager devops practices team leadership project management automation manages devops teams and projects.
DEVSECOPS ARCHITECT,"DevSecOps Practices, Security Automation, Cloud Security, System Architecture",Designs and implements DevSecOps strategies and infrastructure.,DevOps / Cloud,"DEVSECOPS ARCHITECT DevSecOps Practices, Security Automation, Cloud Security, System Architecture Designs and implements DevSecOps strategies and infrastructure.",devsecops architect devsecops practices security automation cloud security system architecture designs and implements devsecops strategies and infrastructure.
DEVSECOPS ENGINEER,"Security Automation, CI/CD, Cloud Security, Scripting",Integrates security practices into DevOps processes.,DevOps / Cloud,"DEVSECOPS ENGINEER Security Automation, CI/CD, Cloud Security, Scripting Integrates security practices into DevOps processes.",devsecops engineer security automation ci cd cloud security scripting integrates security practices into devops processes.
DIRECTOR OF ENGINEERING,"Leadership, Software Development, Project Management, Team Management",Leads and manages engineering teams and projects.,Backend Development,"DIRECTOR OF ENGINEERING Leadership, Software Development, Project Management, Team Management Leads and manages engineering teams and projects.",director of engineering leadership software development project management team management leads and manages engineering teams and projects.
DOCKER ENGINEER,"Docker, Containerization, Orchestration, DevOps",Manages and deploys Docker containers.,DevOps / Cloud,"DOCKER ENGINEER Docker, Containerization, Orchestration, DevOps Manages and deploys Docker containers.",docker engineer docker containerization orchestration devops manages and deploys docker containers.
ELK ENGINEER,"ELK Stack, Log Management, Data Analysis, System Monitoring",Manages and configures the ELK stack for log analysis and monitoring.,Data,"ELK ENGINEER ELK Stack, Log Management, Data Analysis, System Monitoring Manages and configures the ELK stack for log analysis and monitoring.",elk engineer elk stack log management data analysis system monitoring manages and configures the elk stack for log analysis and monitoring.
EMBEDDED SOFTWARE ENGINEER,"Embedded Systems, C/C++, Firmware Development, Hardware Interfaces",Develops software for embedded systems.,Backend Development,"EMBEDDED SOFTWARE ENGINEER Embedded Systems, C/C++, Firmware Development, Hardware Interfaces Develops software for embedded systems.",embedded software engineer embedded systems c c++ firmware development hardware interfaces develops software for embedded systems.
ENTRY LEVEL DEVELOPER,"Programming Basics, Software Development, Problem Solving, Learning Agility",Entry-level position focused on learning and developing software skills.,Backend Development,"ENTRY LEVEL DEVELOPER Programming Basics, Software Development, Problem Solving, Learning Agility Entry-level position focused on learning and developing software skills.",entry level developer programming basics software development problem solving learning agility entry level position focused on learning and developing software skills.
ENTRY LEVEL NETWORK ENGINEER,"Networking Basics, Troubleshooting, System Administration, Learning Agility",Entry-level position focused on learning and assisting with network operations.,Network / System,"ENTRY LEVEL NETWORK ENGINEER Networking Basics, Troubleshooting, System Administration, Learning Agility Entry-level position focused on learning and assisting with network operations.",entry level network engineer networking basics troubleshooting system administration learning agility entry level position focused on learning and assisting with network operations.
ENTRY LEVEL PROGRAMMER,"Programming Basics, Software Development, Problem Solving, Learning Agility",Entry-level position focused on learning and developing software skills.,Backend Development,"ENTRY LEVEL PROGRAMMER Programming Basics, Software Development, Problem Solving, Learning Agility Entry-level position focused on learning and developing software skills.",entry level programmer programming basics software development problem solving learning agility entry level position focused on learning and developing software skills.
ENVOY ENGINEER,"Envoy Proxy, Service Mesh, Load Balancing, Networking",Configures and manages Envoy proxy for service mesh architectures.,DevOps / Cloud,"ENVOY ENGINEER Envoy Proxy, Service Mesh, Load Balancing, Networking Configures and manages Envoy proxy for service mesh architectures.",envoy engineer envoy proxy service mesh load balancing networking configures and manages envoy proxy for service mesh architectures.
FALCO ENGINEER,"Falco, Kubernetes Security, Cloud Security, System Monitoring",Implements and manages Falco for runtime security monitoring.,DevOps / Cloud,"FALCO ENGINEER Falco, Kubernetes Security, Cloud Security, System Monitoring Implements and manages Falco for runtime security monitoring.",falco engineer falco kubernetes security cloud security system monitoring implements and manages falco for runtime security monitoring.
FLUENTD ENGINEER,"Fluentd, Log Aggregation, Data Collection, System Monitoring",Configures and manages Fluentd for log aggregation and analysis.,Other IT,"FLUENTD ENGINEER Fluentd, Log Aggregation, Data Collection, System Monitoring Configures and manages Fluentd for log aggregation and analysis.",fluentd engineer fluentd log aggregation data collection system monitoring configures and manages fluentd for log aggregation and analysis.
FORTIFY ENGINEER,"Fortify, Static Code Analysis, Application Security, Secure Coding",Implements and manages Fortify for static code analysis and application security.,Cybersecurity,"FORTIFY ENGINEER Fortify, Static Code Analysis, Application Security, Secure Coding Implements and manages Fortify for static code analysis and application security.",fortify engineer fortify static code analysis application security secure coding implements and manages fortify for static code analysis and application security.
FRAMEWORKS SPECIALIST,"Software Frameworks, Programming Languages, Problem Solving, System Design",Specializes in designing and implementing software frameworks.,Backend Development,"FRAMEWORKS SPECIALIST Software Frameworks, Programming Languages, Problem Solving, System Design Specializes in designing and implementing software frameworks.",frameworks specialist software frameworks programming languages problem solving system design specializes in designing and implementing software frameworks.
FULL STACK DEVELOPER,"HTML, CSS, JavaScript, Back-End Technologies, Database Management",Develops both the front-end and back-end components of web applications.,Data,"FULL STACK DEVELOPER HTML, CSS, JavaScript, Back-End Technologies, Database Management Develops both the front-end and back-end components of web applications.",full stack developer html css javascript back end technologies database management develops both the front end and back end components of web applications.
GCP DEVOPS ENGINEER,"Google Cloud Platform, DevOps Practices, CI/CD Pipelines, Automation","Implements DevOps practices on Google Cloud Platform, automating processes and ensuring system reliability.",DevOps / Cloud,"GCP DEVOPS ENGINEER Google Cloud Platform, DevOps Practices, CI/CD Pipelines, Automation Implements DevOps practices on Google Cloud Platform, automating processes and ensuring system reliability.",gcp devops engineer google cloud platform devops practices ci cd pipelines automation implements devops practices on google cloud platform automating processes and ensuring system reliability.
GERRIT ADMINISTRATOR,"Gerrit, Code Review, Git, Version Control",Administers and manages Gerrit for code review processes.,Other IT,"GERRIT ADMINISTRATOR Gerrit, Code Review, Git, Version Control Administers and manages Gerrit for code review processes.",gerrit administrator gerrit code review git version control administers and manages gerrit for code review processes.
GIT ENGINEER,"Git, Version Control, Branching Strategies, Collaboration",Manages and configures Git for efficient version control.,Other IT,"GIT ENGINEER Git, Version Control, Branching Strategies, Collaboration Manages and configures Git for efficient version control.",git engineer git version control branching strategies collaboration manages and configures git for efficient version control.
GITHUB ENGINEER,"GitHub, Git, Collaboration Tools, CI/CD Integration",Manages and configures GitHub for efficient collaboration and CI/CD.,DevOps / Cloud,"GITHUB ENGINEER GitHub, Git, Collaboration Tools, CI/CD Integration Manages and configures GitHub for efficient collaboration and CI/CD.",github engineer github git collaboration tools ci cd integration manages and configures github for efficient collaboration and ci cd.
GITLAB ENGINEER,"GitLab, Git, CI/CD Pipelines, DevOps Practices",Manages and configures GitLab for efficient DevOps workflows.,DevOps / Cloud,"GITLAB ENGINEER GitLab, Git, CI/CD Pipelines, DevOps Practices Manages and configures GitLab for efficient DevOps workflows.",gitlab engineer gitlab git ci cd pipelines devops practices manages and configures gitlab for efficient devops workflows.
GRADLE ENGINEER,"Gradle, Build Automation, Java, Software Configuration Management",Configures and manages Gradle for build automation.,DevOps / Cloud,"GRADLE ENGINEER Gradle, Build Automation, Java, Software Configuration Management Configures and manages Gradle for build automation.",gradle engineer gradle build automation java software configuration management configures and manages gradle for build automation.
GRAFANA ENGINEER,"Grafana, Data Visualization, Monitoring, System Performance",Configures and manages Grafana for data visualization and monitoring.,Data,"GRAFANA ENGINEER Grafana, Data Visualization, Monitoring, System Performance Configures and manages Grafana for data visualization and monitoring.",grafana engineer grafana data visualization monitoring system performance configures and manages grafana for data visualization and monitoring.
GROOVY ENGINEER,"Groovy, Scripting, Automation, Software Development",Develops automation scripts and applications using Groovy.,Backend Development,"GROOVY ENGINEER Groovy, Scripting, Automation, Software Development Develops automation scripts and applications using Groovy.",groovy engineer groovy scripting automation software development develops automation scripts and applications using groovy.
INFORMATION ARCHITECT,"Information Architecture, User Experience Design, Content Strategy, Taxonomy",Designs information structures to enhance usability and findability.,Other IT,"INFORMATION ARCHITECT Information Architecture, User Experience Design, Content Strategy, Taxonomy Designs information structures to enhance usability and findability.",information architect information architecture user experience design content strategy taxonomy designs information structures to enhance usability and findability.
INFORMATION SECURITY ANALYST,"Security Protocols, Threat Analysis, Compliance, Incident Response",Protects computer systems and networks from security threats.,Cybersecurity,"INFORMATION SECURITY ANALYST Security Protocols, Threat Analysis, Compliance, Incident Response Protects computer systems and networks from security threats.",information security analyst security protocols threat analysis compliance incident response protects computer systems and networks from security threats.
INTERACTION DESIGNER,"Interaction Design, User Research, Prototyping, Usability Testing",Designs interactive user interfaces and experiences.,Other IT,"INTERACTION DESIGNER Interaction Design, User Research, Prototyping, Usability Testing Designs interactive user interfaces and experiences.",interaction designer interaction design user research prototyping usability testing designs interactive user interfaces and experiences.
ISTIO ENGINEER,"Istio, Service Mesh, Traffic Management, Security",Configures and manages Istio for service mesh architectures.,DevOps / Cloud,"ISTIO ENGINEER Istio, Service Mesh, Traffic Management, Security Configures and manages Istio for service mesh architectures.",istio engineer istio service mesh traffic management security configures and manages istio for service mesh architectures.
IT MANAGER,"IT Management, Team Leadership, Project Management, Budgeting","Manages IT teams and projects, ensuring efficient operations.",Other IT,"IT MANAGER IT Management, Team Leadership, Project Management, Budgeting Manages IT teams and projects, ensuring efficient operations.",it manager it management team leadership project management budgeting manages it teams and projects ensuring efficient operations.
JACOCO ENGINEER,"JaCoCo, Code Coverage, Java Testing, Software Quality",Implements and manages code coverage tools for Java projects.,Other IT,"JACOCO ENGINEER JaCoCo, Code Coverage, Java Testing, Software Quality Implements and manages code coverage tools for Java projects.",jacoco engineer jacoco code coverage java testing software quality implements and manages code coverage tools for java projects.
JAVA DEVELOPER,"Java, Spring, Hibernate, Software Development, Object-Oriented Programming","Develops applications using Java and related technologies, focusing on functionality and performance.",Backend Development,"JAVA DEVELOPER Java, Spring, Hibernate, Software Development, Object-Oriented Programming Develops applications using Java and related technologies, focusing on functionality and performance.",java developer java spring hibernate software development object oriented programming develops applications using java and related technologies focusing on functionality and performance.
JENKINS ENGINEER,"Jenkins, CI/CD Pipelines, Build Automation, DevOps Practices",Configures and manages Jenkins for continuous integration and delivery.,DevOps / Cloud,"JENKINS ENGINEER Jenkins, CI/CD Pipelines, Build Automation, DevOps Practices Configures and manages Jenkins for continuous integration and delivery.",jenkins engineer jenkins ci cd pipelines build automation devops practices configures and manages jenkins for continuous integration and delivery.
JIRA ADMINISTRATOR,"Jira, Atlassian Suite, Workflow Configuration, Project Management",Administers and configures Jira for project management and issue tracking.,Other IT,"JIRA ADMINISTRATOR Jira, Atlassian Suite, Workflow Configuration, Project Management Administers and configures Jira for project management and issue tracking.",jira administrator jira atlassian suite workflow configuration project management administers and configures jira for project management and issue tracking.
JUNIT ENGINEER,"JUnit, Java Testing, Test Automation, Software Quality",Implements and manages JUnit for Java testing and test automation.,Other IT,"JUNIT ENGINEER JUnit, Java Testing, Test Automation, Software Quality Implements and manages JUnit for Java testing and test automation.",junit engineer junit java testing test automation software quality implements and manages junit for java testing and test automation.
KUBERNETES OPERATIONS ENGINEER,"Kubernetes, Container Orchestration, Cloud Computing, DevOps Practices","Manages and operates Kubernetes clusters, ensuring system reliability and scalability.",DevOps / Cloud,"KUBERNETES OPERATIONS ENGINEER Kubernetes, Container Orchestration, Cloud Computing, DevOps Practices Manages and operates Kubernetes clusters, ensuring system reliability and scalability.",kubernetes operations engineer kubernetes container orchestration cloud computing devops practices manages and operates kubernetes clusters ensuring system reliability and scalability.
MACHINE LEARNING ARCHITECT,"Machine Learning Algorithms, System Architecture, Cloud Computing, Data Modeling",Designs and implements scalable machine learning infrastructure and solutions.,AI / Machine Learning,"MACHINE LEARNING ARCHITECT Machine Learning Algorithms, System Architecture, Cloud Computing, Data Modeling Designs and implements scalable machine learning infrastructure and solutions.",machine learning architect machine learning algorithms system architecture cloud computing data modeling designs and implements scalable machine learning infrastructure and solutions.
MACHINE LEARNING ENGINEER,"Machine Learning Algorithms, Python, Data Analysis, Model Deployment",Develops and deploys machine learning models for various applications.,AI / Machine Learning,"MACHINE LEARNING ENGINEER Machine Learning Algorithms, Python, Data Analysis, Model Deployment Develops and deploys machine learning models for various applications.",machine learning engineer machine learning algorithms python data analysis model deployment develops and deploys machine learning models for various applications.
MAVEN ENGINEER,"Maven, Build Automation, Java, Software Configuration Management",Configures and manages Maven for build automation in Java projects.,DevOps / Cloud,"MAVEN ENGINEER Maven, Build Automation, Java, Software Configuration Management Configures and manages Maven for build automation in Java projects.",maven engineer maven build automation java software configuration management configures and manages maven for build automation in java projects.
MULESOFT DEVELOPER,"MuleSoft Anypoint Platform, API Integration, Java, Integration Patterns",Develops and integrates applications using the MuleSoft Anypoint Platform.,Other IT,"MULESOFT DEVELOPER MuleSoft Anypoint Platform, API Integration, Java, Integration Patterns Develops and integrates applications using the MuleSoft Anypoint Platform.",mulesoft developer mulesoft anypoint platform api integration java integration patterns develops and integrates applications using the mulesoft anypoint platform.
NAGIOS ENGINEER,"Nagios, System Monitoring, Linux, Networking",Configures and manages Nagios for system and network monitoring.,Network / System,"NAGIOS ENGINEER Nagios, System Monitoring, Linux, Networking Configures and manages Nagios for system and network monitoring.",nagios engineer nagios system monitoring linux networking configures and manages nagios for system and network monitoring.
NETWORK AND SYSTEMS ADMINISTRATOR,"Networking, System Administration, Linux/Windows Servers, Troubleshooting",Manages and maintains network and server infrastructure.,Network / System,"NETWORK AND SYSTEMS ADMINISTRATOR Networking, System Administration, Linux/Windows Servers, Troubleshooting Manages and maintains network and server infrastructure.",network and systems administrator networking system administration linux windows servers troubleshooting manages and maintains network and server infrastructure.
NETWORK ENGINEER,"Networking Protocols, Cisco/Juniper Devices, Network Security, Troubleshooting","Designs, implements, and manages network infrastructure.",Network / System,"NETWORK ENGINEER Networking Protocols, Cisco/Juniper Devices, Network Security, Troubleshooting Designs, implements, and manages network infrastructure.",network engineer networking protocols cisco juniper devices network security troubleshooting designs implements and manages network infrastructure.
NEW RELIC ENGINEER,"New Relic, Application Performance Monitoring, Troubleshooting, Cloud Computing",Configures and manages New Relic for application performance monitoring.,DevOps / Cloud,"NEW RELIC ENGINEER New Relic, Application Performance Monitoring, Troubleshooting, Cloud Computing Configures and manages New Relic for application performance monitoring.",new relic engineer new relic application performance monitoring troubleshooting cloud computing configures and manages new relic for application performance monitoring.
NEXUS ENGINEER,"Nexus Repository Manager, Artifact Management, DevOps Practices",Manages and configures Nexus Repository Manager for artifact storage and retrieval.,DevOps / Cloud,"NEXUS ENGINEER Nexus Repository Manager, Artifact Management, DevOps Practices Manages and configures Nexus Repository Manager for artifact storage and retrieval.",nexus engineer nexus repository manager artifact management devops practices manages and configures nexus repository manager for artifact storage and retrieval.
NOMAD ENGINEER,"Nomad, Container Orchestration, HashiCorp Tools, Infrastructure Automation",Configures and manages Nomad for container orchestration and infrastructure automation.,Other IT,"NOMAD ENGINEER Nomad, Container Orchestration, HashiCorp Tools, Infrastructure Automation Configures and manages Nomad for container orchestration and infrastructure automation.",nomad engineer nomad container orchestration hashicorp tools infrastructure automation configures and manages nomad for container orchestration and infrastructure automation.
NOTARY ENGINEER,"Notary, Container Security, Docker, Cryptography",Implements and manages Notary for ensuring container image security.,Cybersecurity,"NOTARY ENGINEER Notary, Container Security, Docker, Cryptography Implements and manages Notary for ensuring container image security.",notary engineer notary container security docker cryptography implements and manages notary for ensuring container image security.
OCTOPUS DEPLOY ENGINEER,"Octopus Deploy, Deployment Automation, .NET, PowerShell",Configures and manages Octopus Deploy for automating application deployments.,DevOps / Cloud,"OCTOPUS DEPLOY ENGINEER Octopus Deploy, Deployment Automation, .NET, PowerShell Configures and manages Octopus Deploy for automating application deployments.",octopus deploy engineer octopus deploy deployment automation .net powershell configures and manages octopus deploy for automating application deployments.
OPENSHIFT ENGINEER,"OpenShift, Kubernetes, Containerization, DevOps Practices",Manages and configures OpenShift for container orchestration and application deployment.,DevOps / Cloud,"OPENSHIFT ENGINEER OpenShift, Kubernetes, Containerization, DevOps Practices Manages and configures OpenShift for container orchestration and application deployment.",openshift engineer openshift kubernetes containerization devops practices manages and configures openshift for container orchestration and application deployment.
OPENSTACK ENGINEER,"OpenStack, Cloud Computing, Virtualization, System Administration",Implements and manages OpenStack cloud infrastructure.,DevOps / Cloud,"OPENSTACK ENGINEER OpenStack, Cloud Computing, Virtualization, System Administration Implements and manages OpenStack cloud infrastructure.",openstack engineer openstack cloud computing virtualization system administration implements and manages openstack cloud infrastructure.
OPERATIONS ENGINEER,"System Administration, Linux/Windows Servers, Troubleshooting, Scripting","Manages and maintains systems and infrastructure, ensuring reliable operation.",Network / System,"OPERATIONS ENGINEER System Administration, Linux/Windows Servers, Troubleshooting, Scripting Manages and maintains systems and infrastructure, ensuring reliable operation.",operations engineer system administration linux windows servers troubleshooting scripting manages and maintains systems and infrastructure ensuring reliable operation.
ORACLE DEVELOPER,"Oracle Database, SQL, PL/SQL, Database Development",Develops database applications using Oracle technologies.,Data,"ORACLE DEVELOPER Oracle Database, SQL, PL/SQL, Database Development Develops database applications using Oracle technologies.",oracle developer oracle database sql pl sql database development develops database applications using oracle technologies.
ORACLE SQL DEVELOPER,"Oracle SQL, PL/SQL, Data Modeling, Database Design",Develops and optimizes SQL queries and database schemas in Oracle environments.,Data,"ORACLE SQL DEVELOPER Oracle SQL, PL/SQL, Data Modeling, Database Design Develops and optimizes SQL queries and database schemas in Oracle environments.",oracle sql developer oracle sql pl sql data modeling database design develops and optimizes sql queries and database schemas in oracle environments.
PACKER ENGINEER,"Packer, Infrastructure as Code, Cloud Computing, Automation",Creates machine images using Packer for consistent infrastructure deployment.,DevOps / Cloud,"PACKER ENGINEER Packer, Infrastructure as Code, Cloud Computing, Automation Creates machine images using Packer for consistent infrastructure deployment.",packer engineer packer infrastructure as code cloud computing automation creates machine images using packer for consistent infrastructure deployment.
PHP DEVELOPER,"PHP, MySQL, Web Development, Frameworks (Laravel, Symfony)",Develops web applications using PHP and related technologies.,Other IT,"PHP DEVELOPER PHP, MySQL, Web Development, Frameworks (Laravel, Symfony) Develops web applications using PHP and related technologies.",php developer php mysql web development frameworks laravel symfony develops web applications using php and related technologies.
POWERSHELL ENGINEER,"PowerShell, Automation, Windows Server Administration, Scripting",Develops automation scripts and tools using PowerShell for Windows environments.,Network / System,"POWERSHELL ENGINEER PowerShell, Automation, Windows Server Administration, Scripting Develops automation scripts and tools using PowerShell for Windows environments.",powershell engineer powershell automation windows server administration scripting develops automation scripts and tools using powershell for windows environments.
PRINCIPLE ENGINEER IN ARTIFICIAL INTELLIGENCE,"AI/ML Architecture, Leadership, Strategic Planning, Deep Learning","Leads and designs AI/ML solutions, providing technical guidance and strategic direction.",AI / Machine Learning,"PRINCIPLE ENGINEER IN ARTIFICIAL INTELLIGENCE AI/ML Architecture, Leadership, Strategic Planning, Deep Learning Leads and designs AI/ML solutions, providing technical guidance and strategic direction.",principle engineer in artificial intelligence ai ml architecture leadership strategic planning deep learning leads and designs ai ml solutions providing technical guidance and strategic direction.
PRINCIPLE ENGINEER IN BIG DATA,"Big Data Architecture, Hadoop, Spark, Data Warehousing","Leads and designs big data solutions, providing technical expertise and guidance.",Data,"PRINCIPLE ENGINEER IN BIG DATA Big Data Architecture, Hadoop, Spark, Data Warehousing Leads and designs big data solutions, providing technical expertise and guidance.",principle engineer in big data big data architecture hadoop spark data warehousing leads and designs big data solutions providing technical expertise and guidance.
PRINCIPLE ENGINEER IN DATA ANALYSIS,"Data Analysis, Statistical Modeling, Data Visualization, Leadership","Leads data analysis initiatives, providing expertise and guidance on analytical techniques.",Data,"PRINCIPLE ENGINEER IN DATA ANALYSIS Data Analysis, Statistical Modeling, Data Visualization, Leadership Leads data analysis initiatives, providing expertise and guidance on analytical techniques.",principle engineer in data analysis data analysis statistical modeling data visualization leadership leads data analysis initiatives providing expertise and guidance on analytical techniques.
PRINCIPLE ENGINEER IN MACHINE LEARNING,"Machine Learning Algorithms, Model Development, Deployment, Leadership","Leads machine learning initiatives, providing expertise and guidance on model development and deployment.",AI / Machine Learning,"PRINCIPLE ENGINEER IN MACHINE LEARNING Machine Learning Algorithms, Model Development, Deployment, Leadership Leads machine learning initiatives, providing expertise and guidance on model development and deployment.",principle engineer in machine learning machine learning algorithms model development deployment leadership leads machine learning initiatives providing expertise and guidance on model development and deployment.
PRODUCT MANAGER,"Product Strategy, Market Analysis, Requirements Gathering, Product Roadmap","Defines and manages product strategy, gathering requirements and prioritizing features.",Other IT,"PRODUCT MANAGER Product Strategy, Market Analysis, Requirements Gathering, Product Roadmap Defines and manages product strategy, gathering requirements and prioritizing features.",product manager product strategy market analysis requirements gathering product roadmap defines and manages product strategy gathering requirements and prioritizing features.
PRODUCTION SUPPORT ENGINEER,"Troubleshooting, Incident Management, System Monitoring, Technical Support","Provides technical support for production systems, resolving incidents and ensuring stability.",Network / System,"PRODUCTION SUPPORT ENGINEER Troubleshooting, Incident Management, System Monitoring, Technical Support Provides technical support for production systems, resolving incidents and ensuring stability.",production support engineer troubleshooting incident management system monitoring technical support provides technical support for production systems resolving incidents and ensuring stability.
PUPPET OPERATIONS ENGINEER,"Puppet, Configuration Management, Automation, Infrastructure as Code",Manages and automates infrastructure configuration using Puppet.,DevOps / Cloud,"PUPPET OPERATIONS ENGINEER Puppet, Configuration Management, Automation, Infrastructure as Code Manages and automates infrastructure configuration using Puppet.",puppet operations engineer puppet configuration management automation infrastructure as code manages and automates infrastructure configuration using puppet.
SENIOR BUILD AND RELEASE ENGINEER,"CI/CD Pipelines, Build Systems, Automation, Configuration Management","Manages build and release processes, ensuring smooth and reliable software deployments.",DevOps / Cloud,"SENIOR BUILD AND RELEASE ENGINEER CI/CD Pipelines, Build Systems, Automation, Configuration Management Manages build and release processes, ensuring smooth and reliable software deployments.",senior build and release engineer ci cd pipelines build systems automation configuration management manages build and release processes ensuring smooth and reliable software deployments.
SENIOR BUILD ENGINEER,"Build Systems, Scripting, Automation, Software Configuration Management","Develops and maintains build systems, automating software compilation and testing.",Other IT,"SENIOR BUILD ENGINEER Build Systems, Scripting, Automation, Software Configuration Management Develops and maintains build systems, automating software compilation and testing.",senior build engineer build systems scripting automation software configuration management develops and maintains build systems automating software compilation and testing.
SENIOR DEVOPS ENGINEER,"DevOps Practices, Cloud Computing, Automation, System Architecture","Leads DevOps initiatives, designing and implementing automation solutions.",DevOps / Cloud,"SENIOR DEVOPS ENGINEER DevOps Practices, Cloud Computing, Automation, System Architecture Leads DevOps initiatives, designing and implementing automation solutions.",senior devops engineer devops practices cloud computing automation system architecture leads devops initiatives designing and implementing automation solutions.
SITE RELIABILITY ENGINEER (KUBERNETES Â€ï¿½ DOCKER),"Kubernetes, Docker, System Reliability, Automation, Monitoring",Ensures the reliability and performance of systems running on Kubernetes and Docker.,DevOps / Cloud,"SITE RELIABILITY ENGINEER (KUBERNETES Â€ï¿½ DOCKER) Kubernetes, Docker, System Reliability, Automation, Monitoring Ensures the reliability and performance of systems running on Kubernetes and Docker.",site reliability engineer kubernetes docker kubernetes docker system reliability automation monitoring ensures the reliability and performance of systems running on kubernetes and docker.
SPLUNK ENGINEER,"Splunk, Log Management, Data Analysis, System Monitoring","Configures and manages Splunk for log analysis, monitoring, and security insights.",Data,"SPLUNK ENGINEER Splunk, Log Management, Data Analysis, System Monitoring Configures and manages Splunk for log analysis, monitoring, and security insights.",splunk engineer splunk log management data analysis system monitoring configures and manages splunk for log analysis monitoring and security insights.
XL DEPLOY ENGINEER,"XL Deploy, Deployment Automation, DevOps Practices, Configuration Management",Configures and manages XL Deploy for automating application deployments.,DevOps / Cloud,"XL DEPLOY ENGINEER XL Deploy, Deployment Automation, DevOps Practices, Configuration Management Configures and manages XL Deploy for automating application deployments.",xl deploy engineer xl deploy deployment automation devops practices configuration management configures and manages xl deploy for automating application deployments.
ZABBIX ENGINEER,"Zabbix, System Monitoring, Network Monitoring, Alerting","Configures and manages Zabbix for monitoring systems, networks, and applications.",Other IT,"ZABBIX ENGINEER Zabbix, System Monitoring, Network Monitoring, Alerting Configures and manages Zabbix for monitoring systems, networks, and applications.",zabbix engineer zabbix system monitoring network monitoring alerting configures and manages zabbix for monitoring systems networks and applications.
API DEVELOPER,"API Design, RESTful Services, Programming Languages, Security",Develops and implements APIs for integrating systems and applications.,Backend Development,"API DEVELOPER API Design, RESTful Services, Programming Languages, Security Develops and implements APIs for integrating systems and applications.",api developer api design restful services programming languages security develops and implements apis for integrating systems and applications.
AUTOMATION SPECIALIST,"Automation Tools, Scripting, Process Improvement, Testing",Designs and implements automation solutions to improve efficiency and reduce manual effort.,Other IT,"AUTOMATION SPECIALIST Automation Tools, Scripting, Process Improvement, Testing Designs and implements automation solutions to improve efficiency and reduce manual effort.",automation specialist automation tools scripting process improvement testing designs and implements automation solutions to improve efficiency and reduce manual effort.
BUSINESS INTELLIGENCE ANALYST,"Data Analysis, SQL, Data Visualization, Business Acumen",Analyzes data to provide insights and support business decision-making.,Data,"BUSINESS INTELLIGENCE ANALYST Data Analysis, SQL, Data Visualization, Business Acumen Analyzes data to provide insights and support business decision-making.",business intelligence analyst data analysis sql data visualization business acumen analyzes data to provide insights and support business decision making.
CLOUD MIGRATION SPECIALIST,"Cloud Platforms, Migration Tools, System Migration, Project Management","Plans and executes cloud migration projects, ensuring smooth transitions.",Other IT,"CLOUD MIGRATION SPECIALIST Cloud Platforms, Migration Tools, System Migration, Project Management Plans and executes cloud migration projects, ensuring smooth transitions.",cloud migration specialist cloud platforms migration tools system migration project management plans and executes cloud migration projects ensuring smooth transitions.
CYBERSECURITY ANALYST,"Security Protocols, Threat Analysis, Compliance, Incident Response",Protects computer systems and networks from cyber threats.,Cybersecurity,"CYBERSECURITY ANALYST Security Protocols, Threat Analysis, Compliance, Incident Response Protects computer systems and networks from cyber threats.",cybersecurity analyst security protocols threat analysis compliance incident response protects computer systems and networks from cyber threats.
DATA QUALITY ENGINEER,"Data Quality Tools, Data Profiling, SQL, Data Governance","Ensures data quality by profiling, monitoring, and improving data accuracy and consistency.",Other IT,"DATA QUALITY ENGINEER Data Quality Tools, Data Profiling, SQL, Data Governance Ensures data quality by profiling, monitoring, and improving data accuracy and consistency.",data quality engineer data quality tools data profiling sql data governance ensures data quality by profiling monitoring and improving data accuracy and consistency.
DIGITAL TRANSFORMATION CONSULTANT,"Digital Strategy, Technology Consulting, Business Process Improvement, Change Management","Advises organizations on digital transformation initiatives, driving innovation and efficiency.",Other IT,"DIGITAL TRANSFORMATION CONSULTANT Digital Strategy, Technology Consulting, Business Process Improvement, Change Management Advises organizations on digital transformation initiatives, driving innovation and efficiency.",digital transformation consultant digital strategy technology consulting business process improvement change management advises organizations on digital transformation initiatives driving innovation and efficiency.
E-COMMERCE DEVELOPER,"E-Commerce Platforms, Web Development, Payment Gateways, Security",Develops and maintains e-commerce websites and applications.,Other IT,"E-COMMERCE DEVELOPER E-Commerce Platforms, Web Development, Payment Gateways, Security Develops and maintains e-commerce websites and applications.",e commerce developer e commerce platforms web development payment gateways security develops and maintains e commerce websites and applications.
EMBEDDED SYSTEMS ENGINEER,"Embedded Systems, C/C++, Firmware Development, Hardware Interfaces","Develops software for embedded systems, integrating hardware and software components.",Backend Development,"EMBEDDED SYSTEMS ENGINEER Embedded Systems, C/C++, Firmware Development, Hardware Interfaces Develops software for embedded systems, integrating hardware and software components.",embedded systems engineer embedded systems c c++ firmware development hardware interfaces develops software for embedded systems integrating hardware and software components.
ERP CONSULTANT,"ERP Systems, Business Process Analysis, Implementation, Training","Consults on ERP system implementation, customization, and support.",Other IT,"ERP CONSULTANT ERP Systems, Business Process Analysis, Implementation, Training Consults on ERP system implementation, customization, and support.",erp consultant erp systems business process analysis implementation training consults on erp system implementation customization and support.
GEOGRAPHIC INFORMATION SYSTEMS (GIS) ANALYST,"GIS Software, Spatial Analysis, Cartography, Data Visualization",Analyzes spatial data using GIS software to create maps and provide insights.,Data,"GEOGRAPHIC INFORMATION SYSTEMS (GIS) ANALYST GIS Software, Spatial Analysis, Cartography, Data Visualization Analyzes spatial data using GIS software to create maps and provide insights.",geographic information systems gis analyst gis software spatial analysis cartography data visualization analyzes spatial data using gis software to create maps and provide insights.
HELP DESK TECHNICIAN,"Technical Support, Troubleshooting, Customer Service, Hardware/Software","Provides technical support to end-users, resolving hardware and software issues.",Network / System,"HELP DESK TECHNICIAN Technical Support, Troubleshooting, Customer Service, Hardware/Software Provides technical support to end-users, resolving hardware and software issues.",help desk technician technical support troubleshooting customer service hardware software provides technical support to end users resolving hardware and software issues.
IDENTITY AND ACCESS MANAGEMENT SPECIALIST,"IAM Systems, Security Protocols, Authentication, Authorization","Manages identity and access control systems, ensuring secure access to resources.",Cybersecurity,"IDENTITY AND ACCESS MANAGEMENT SPECIALIST IAM Systems, Security Protocols, Authentication, Authorization Manages identity and access control systems, ensuring secure access to resources.",identity and access management specialist iam systems security protocols authentication authorization manages identity and access control systems ensuring secure access to resources.
INFRASTRUCTURE ARCHITECT,"System Architecture, Cloud Computing, Networking, Security","Designs and plans IT infrastructure, ensuring scalability, reliability, and security.",DevOps / Cloud,"INFRASTRUCTURE ARCHITECT System Architecture, Cloud Computing, Networking, Security Designs and plans IT infrastructure, ensuring scalability, reliability, and security.",infrastructure architect system architecture cloud computing networking security designs and plans it infrastructure ensuring scalability reliability and security.
INTERNET OF THINGS (IoT) DEVELOPER,"IoT Platforms, Embedded Systems, Sensor Technology, Programming Languages","Develops applications for IoT devices and platforms, connecting devices and analyzing data.",Backend Development,"INTERNET OF THINGS (IoT) DEVELOPER IoT Platforms, Embedded Systems, Sensor Technology, Programming Languages Develops applications for IoT devices and platforms, connecting devices and analyzing data.",internet of things iot developer iot platforms embedded systems sensor technology programming languages develops applications for iot devices and platforms connecting devices and analyzing data.
IT AUDITOR,"IT Auditing, Compliance, Risk Management, Security",Conducts IT audits to ensure compliance and identify security risks.,Other IT,"IT AUDITOR IT Auditing, Compliance, Risk Management, Security Conducts IT audits to ensure compliance and identify security risks.",it auditor it auditing compliance risk management security conducts it audits to ensure compliance and identify security risks.
JAVA ARCHITECT,"Java, System Architecture, Design Patterns, Cloud Computing","Designs and leads the development of Java-based systems, ensuring scalability and maintainability.",DevOps / Cloud,"JAVA ARCHITECT Java, System Architecture, Design Patterns, Cloud Computing Designs and leads the development of Java-based systems, ensuring scalability and maintainability.",java architect java system architecture design patterns cloud computing designs and leads the development of java based systems ensuring scalability and maintainability.
LINUX ADMINISTRATOR,"Linux Servers, System Administration, Scripting, Troubleshooting","Manages and maintains Linux servers, ensuring system stability and security.",Network / System,"LINUX ADMINISTRATOR Linux Servers, System Administration, Scripting, Troubleshooting Manages and maintains Linux servers, ensuring system stability and security.",linux administrator linux servers system administration scripting troubleshooting manages and maintains linux servers ensuring system stability and security.
MAINFRAME DEVELOPER,"Mainframe Systems, COBOL, JCL, VSAM",Develops and maintains applications on mainframe systems.,Other IT,"MAINFRAME DEVELOPER Mainframe Systems, COBOL, JCL, VSAM Develops and maintains applications on mainframe systems.",mainframe developer mainframe systems cobol jcl vsam develops and maintains applications on mainframe systems.
MICROSOFT DYNAMICS DEVELOPER,"Microsoft Dynamics, CRM, .NET, Development",Develops and customizes Microsoft Dynamics CRM solutions.,Other IT,"MICROSOFT DYNAMICS DEVELOPER Microsoft Dynamics, CRM, .NET, Development Develops and customizes Microsoft Dynamics CRM solutions.",microsoft dynamics developer microsoft dynamics crm .net development develops and customizes microsoft dynamics crm solutions.
MOBILE SECURITY SPECIALIST,"Mobile Security, Penetration Testing, Security Protocols, Risk Management","Ensures the security of mobile devices and applications, conducting assessments and implementing security measures.",Cybersecurity,"MOBILE SECURITY SPECIALIST Mobile Security, Penetration Testing, Security Protocols, Risk Management Ensures the security of mobile devices and applications, conducting assessments and implementing security measures.",mobile security specialist mobile security penetration testing security protocols risk management ensures the security of mobile devices and applications conducting assessments and implementing security measures.
NATURAL LANGUAGE PROCESSING ENGINEER,"NLP Algorithms, Python, Machine Learning, Text Analysis","Develops NLP models for various applications, such as chatbots and text analysis tools.",AI / Machine Learning,"NATURAL LANGUAGE PROCESSING ENGINEER NLP Algorithms, Python, Machine Learning, Text Analysis Develops NLP models for various applications, such as chatbots and text analysis tools.",natural language processing engineer nlp algorithms python machine learning text analysis develops nlp models for various applications such as chatbots and text analysis tools.
NETWORK ARCHITECT,"Network Design, Network Protocols, Security, System Architecture",Designs and plans computer networks.,Other IT,"NETWORK ARCHITECT Network Design, Network Protocols, Security, System Architecture Designs and plans computer networks.",network architect network design network protocols security system architecture designs and plans computer networks.
PENETRATION TESTER,"Penetration Testing, Security Audits, Ethical Hacking, Vulnerability Assessment",Conducts penetration tests to identify security vulnerabilities in systems and applications.,Cybersecurity,"PENETRATION TESTER Penetration Testing, Security Audits, Ethical Hacking, Vulnerability Assessment Conducts penetration tests to identify security vulnerabilities in systems and applications.",penetration tester penetration testing security audits ethical hacking vulnerability assessment conducts penetration tests to identify security vulnerabilities in systems and applications.
PYTHON ARCHITECT,"Python, System Architecture, Design Patterns, Cloud Computing","Designs and leads the development of Python-based systems, ensuring scalability and maintainability.",DevOps / Cloud,"PYTHON ARCHITECT Python, System Architecture, Design Patterns, Cloud Computing Designs and leads the development of Python-based systems, ensuring scalability and maintainability.",python architect python system architecture design patterns cloud computing designs and leads the development of python based systems ensuring scalability and maintainability.
QUALITY ASSURANCE MANAGER,"QA Processes, Test Automation, Test Planning, Team Leadership","Manages quality assurance processes, ensuring software quality through testing and automation.",Other IT,"QUALITY ASSURANCE MANAGER QA Processes, Test Automation, Test Planning, Team Leadership Manages quality assurance processes, ensuring software quality through testing and automation.",quality assurance manager qa processes test automation test planning team leadership manages quality assurance processes ensuring software quality through testing and automation.
RELEASE MANAGER,"Release Management, CI/CD Pipelines, Coordination, Communication","Manages software releases, coordinating activities and ensuring smooth deployments.",DevOps / Cloud,"RELEASE MANAGER Release Management, CI/CD Pipelines, Coordination, Communication Manages software releases, coordinating activities and ensuring smooth deployments.",release manager release management ci cd pipelines coordination communication manages software releases coordinating activities and ensuring smooth deployments.
SAP CONSULTANT,"SAP Modules, Business Process Analysis, Implementation, Customization","Consults on SAP system implementation, customization, and support.",Other IT,"SAP CONSULTANT SAP Modules, Business Process Analysis, Implementation, Customization Consults on SAP system implementation, customization, and support.",sap consultant sap modules business process analysis implementation customization consults on sap system implementation customization and support.
UX/UI DESIGNER,"UX/UI Design, User Research, Prototyping, Usability Testing","Designs user interfaces and experiences, ensuring usability and aesthetic appeal.",Other IT,"UX/UI DESIGNER UX/UI Design, User Research, Prototyping, Usability Testing Designs user interfaces and experiences, ensuring usability and aesthetic appeal.",ux ui designer ux ui design user research prototyping usability testing designs user interfaces and experiences ensuring usability and aesthetic appeal.
BACK END DEVELOPER,"Server-Side Programming, Databases, API Development, Frameworks",Develops the server-side logic and APIs for web applications.,Data,"BACK END DEVELOPER Server-Side Programming, Databases, API Development, Frameworks Develops the server-side logic and APIs for web applications.",back end developer server side programming databases api development frameworks develops the server side logic and apis for web applications.
WEB DESIGNER,"Web Design, Graphic Design, UI/UX Principles, Wireframing","Creates visual designs and layouts for websites, ensuring aesthetic appeal and usability.",Other IT,"WEB DESIGNER Web Design, Graphic Design, UI/UX Principles, Wireframing Creates visual designs and layouts for websites, ensuring aesthetic appeal and usability.",web designer web design graphic design ui ux principles wireframing creates visual designs and layouts for websites ensuring aesthetic appeal and usability.
WEB ENGINEER,"Web Technologies, System Architecture, Performance Optimization, Security","Designs and implements web infrastructure, ensuring scalability and reliability.",Other IT,"WEB ENGINEER Web Technologies, System Architecture, Performance Optimization, Security Designs and implements web infrastructure, ensuring scalability and reliability.",web engineer web technologies system architecture performance optimization security designs and implements web infrastructure ensuring scalability and reliability.
WEB PRODUCER,"Web Content Management, Project Management, Content Strategy, Collaboration","Manages the creation and delivery of web content, coordinating with stakeholders.",Other IT,"WEB PRODUCER Web Content Management, Project Management, Content Strategy, Collaboration Manages the creation and delivery of web content, coordinating with stakeholders.",web producer web content management project management content strategy collaboration manages the creation and delivery of web content coordinating with stakeholders.
WEB PROJECT MANAGER,"Project Management, Web Development, Communication, Budgeting","Manages web development projects, ensuring they are completed on time and within budget.",Other IT,"WEB PROJECT MANAGER Project Management, Web Development, Communication, Budgeting Manages web development projects, ensuring they are completed on time and within budget.",web project manager project management web development communication budgeting manages web development projects ensuring they are completed on time and within budget.
WEB CONTENT MANAGER,"Content Creation, Content Strategy, CMS, SEO","Manages web content, ensuring it is accurate, engaging, and optimized for search engines.",Other IT,"WEB CONTENT MANAGER Content Creation, Content Strategy, CMS, SEO Manages web content, ensuring it is accurate, engaging, and optimized for search engines.",web content manager content creation content strategy cms seo manages web content ensuring it is accurate engaging and optimized for search engines.
MULTIMEDIA ARCHITECT,"Multimedia Design, Video Production, Audio Production, Graphic Design",Designs and produces multimedia content for various platforms.,Other IT,"MULTIMEDIA ARCHITECT Multimedia Design, Video Production, Audio Production, Graphic Design Designs and produces multimedia content for various platforms.",multimedia architect multimedia design video production audio production graphic design designs and produces multimedia content for various platforms.
WEB ANALYTICS DEVELOPER,"Web Analytics Tools, Data Analysis, Reporting, A/B Testing",Implements web analytics tools and analyzes data to improve website performance.,Data,"WEB ANALYTICS DEVELOPER Web Analytics Tools, Data Analysis, Reporting, A/B Testing Implements web analytics tools and analyzes data to improve website performance.",web analytics developer web analytics tools data analysis reporting a b testing implements web analytics tools and analyzes data to improve website performance.
SEO CONSULTANT,"Search Engine Optimization, Keyword Research, Content Optimization, Link Building","Advises on SEO strategies, improving website visibility and organic traffic.",Other IT,"SEO CONSULTANT Search Engine Optimization, Keyword Research, Content Optimization, Link Building Advises on SEO strategies, improving website visibility and organic traffic.",seo consultant search engine optimization keyword research content optimization link building advises on seo strategies improving website visibility and organic traffic.
SEO MANAGER,"SEO Strategy, Team Leadership, Performance Monitoring, Reporting","Manages SEO initiatives, leading teams and monitoring performance.",Other IT,"SEO MANAGER SEO Strategy, Team Leadership, Performance Monitoring, Reporting Manages SEO initiatives, leading teams and monitoring performance.",seo manager seo strategy team leadership performance monitoring reporting manages seo initiatives leading teams and monitoring performance.
INTERNET ENGINEER,"Networking Protocols, Internet Technologies, System Administration, Security","Designs, implements, and manages internet infrastructure.",Network / System,"INTERNET ENGINEER Networking Protocols, Internet Technologies, System Administration, Security Designs, implements, and manages internet infrastructure.",internet engineer networking protocols internet technologies system administration security designs implements and manages internet infrastructure.
PYTHON DEVELOPER,"Python, Web Frameworks (Django, Flask), Data Analysis, Scripting","Develops applications using Python, focusing on back-end development and automation.",Data,"PYTHON DEVELOPER Python, Web Frameworks (Django, Flask), Data Analysis, Scripting Develops applications using Python, focusing on back-end development and automation.",python developer python web frameworks django flask data analysis scripting develops applications using python focusing on back end development and automation.
POWER BI DEVELOPER,"Power BI, Data Modeling, DAX, Data Visualization",Develops interactive dashboards and reports using Power BI.,Data,"POWER BI DEVELOPER Power BI, Data Modeling, DAX, Data Visualization Develops interactive dashboards and reports using Power BI.",power bi developer power bi data modeling dax data visualization develops interactive dashboards and reports using power bi.
POWER BI ANALYST,"Power BI, Data Analysis, SQL, Business Intelligence",Analyzes data using Power BI to provide insights and support business decision-making.,Data,"POWER BI ANALYST Power BI, Data Analysis, SQL, Business Intelligence Analyzes data using Power BI to provide insights and support business decision-making.",power bi analyst power bi data analysis sql business intelligence analyzes data using power bi to provide insights and support business decision making.
CLOUD COMPUTING SPECIALIST,"Cloud Platforms, Virtualization, System Administration, Security","Manages and maintains cloud infrastructure, ensuring availability and performance.",DevOps / Cloud,"CLOUD COMPUTING SPECIALIST Cloud Platforms, Virtualization, System Administration, Security Manages and maintains cloud infrastructure, ensuring availability and performance.",cloud computing specialist cloud platforms virtualization system administration security manages and maintains cloud infrastructure ensuring availability and performance.
CYBERSECURITY SPECIALIST,"Security Protocols, Threat Analysis, Compliance, Incident Response",Protects computer systems and networks from cyber threats.,Cybersecurity,"CYBERSECURITY SPECIALIST Security Protocols, Threat Analysis, Compliance, Incident Response Protects computer systems and networks from cyber threats.",cybersecurity specialist security protocols threat analysis compliance incident response protects computer systems and networks from cyber threats.
DATA SCIENCE SPECIALIST,"Data Analysis, Machine Learning, Statistical Modeling, Data Visualization",Applies data science techniques to analyze data and solve business problems.,AI / Machine Learning,"DATA SCIENCE SPECIALIST Data Analysis, Machine Learning, Statistical Modeling, Data Visualization Applies data science techniques to analyze data and solve business problems.",data science specialist data analysis machine learning statistical modeling data visualization applies data science techniques to analyze data and solve business problems.
ARTIFICIAL INTELLIGENCE ENGINEER,"AI/ML Algorithms, Python, Deep Learning, Neural Networks","Develops AI models and applications, implementing machine learning algorithms.",AI / Machine Learning,"ARTIFICIAL INTELLIGENCE ENGINEER AI/ML Algorithms, Python, Deep Learning, Neural Networks Develops AI models and applications, implementing machine learning algorithms.",artificial intelligence engineer ai ml algorithms python deep learning neural networks develops ai models and applications implementing machine learning algorithms.
DATABASE ARCHITECT,"Database Design, Data Modeling, SQL, Performance Tuning","Designs and manages database systems, ensuring data integrity and performance.",Data,"DATABASE ARCHITECT Database Design, Data Modeling, SQL, Performance Tuning Designs and manages database systems, ensuring data integrity and performance.",database architect database design data modeling sql performance tuning designs and manages database systems ensuring data integrity and performance.
SOFTWARE ARCHITECT,"System Architecture, Design Patterns, Programming Languages, Cloud Computing","Designs and leads the development of software systems, ensuring scalability and maintainability.",DevOps / Cloud,"SOFTWARE ARCHITECT System Architecture, Design Patterns, Programming Languages, Cloud Computing Designs and leads the development of software systems, ensuring scalability and maintainability.",software architect system architecture design patterns programming languages cloud computing designs and leads the development of software systems ensuring scalability and maintainability.
CYBERSECURITY ENGINEER,"Security Protocols, Threat Analysis, Risk Management, Incident Response",Implements and manages security measures to protect computer systems and networks.,Cybersecurity,"CYBERSECURITY ENGINEER Security Protocols, Threat Analysis, Risk Management, Incident Response Implements and manages security measures to protect computer systems and networks.",cybersecurity engineer security protocols threat analysis risk management incident response implements and manages security measures to protect computer systems and networks.
INFOSEC ANALYST/CYBERSECURITY ANALYST,"Security Protocols, Threat Analysis, Compliance, Incident Response",Protects computer systems and networks from cyber threats.,Cybersecurity,"INFOSEC ANALYST/CYBERSECURITY ANALYST Security Protocols, Threat Analysis, Compliance, Incident Response Protects computer systems and networks from cyber threats.",infosec analyst cybersecurity analyst security protocols threat analysis compliance incident response protects computer systems and networks from cyber threats.
COMPUTER FORENSIC ANALYST,"Digital Forensics, Incident Response, Data Recovery, Legal Compliance","Investigates cybercrimes and security incidents, collecting and analyzing digital evidence.",Cybersecurity,"COMPUTER FORENSIC ANALYST Digital Forensics, Incident Response, Data Recovery, Legal Compliance Investigates cybercrimes and security incidents, collecting and analyzing digital evidence.",computer forensic analyst digital forensics incident response data recovery legal compliance investigates cybercrimes and security incidents collecting and analyzing digital evidence.
IT SECURITY SPECIALIST,"Security Protocols, Threat Analysis, Compliance, Risk Management",Implements and manages security measures to protect computer systems and networks.,Other IT,"IT SECURITY SPECIALIST Security Protocols, Threat Analysis, Compliance, Risk Management Implements and manages security measures to protect computer systems and networks.",it security specialist security protocols threat analysis compliance risk management implements and manages security measures to protect computer systems and networks.
SECURITY MANAGER,"Security Management, Risk Assessment, Compliance, Team Leadership","Manages security teams and initiatives, ensuring the protection of IT assets.",Other IT,"SECURITY MANAGER Security Management, Risk Assessment, Compliance, Team Leadership Manages security teams and initiatives, ensuring the protection of IT assets.",security manager security management risk assessment compliance team leadership manages security teams and initiatives ensuring the protection of it assets.
SECURITY ENGINEER,"Security Protocols, Threat Analysis, Risk Management, Incident Response",Implements and manages security measures to protect computer systems and networks.,Cybersecurity,"SECURITY ENGINEER Security Protocols, Threat Analysis, Risk Management, Incident Response Implements and manages security measures to protect computer systems and networks.",security engineer security protocols threat analysis risk management incident response implements and manages security measures to protect computer systems and networks.
SECURITY CONSULTANT,"Security Consulting, Risk Assessment, Compliance, Security Solutions","Provides security consulting services, assessing risks and recommending security solutions.",Other IT,"SECURITY CONSULTANT Security Consulting, Risk Assessment, Compliance, Security Solutions Provides security consulting services, assessing risks and recommending security solutions.",security consultant security consulting risk assessment compliance security solutions provides security consulting services assessing risks and recommending security solutions.
DIRECTOR OF SECURITY,"Security Leadership, Risk Management, Compliance, Incident Response","Leads security teams and initiatives, providing strategic direction and ensuring compliance.",Cybersecurity,"DIRECTOR OF SECURITY Security Leadership, Risk Management, Compliance, Incident Response Leads security teams and initiatives, providing strategic direction and ensuring compliance.",director of security security leadership risk management compliance incident response leads security teams and initiatives providing strategic direction and ensuring compliance.
SECURITY ADMINISTRATOR,"Security Tools, System Administration, User Management, Security Policies","Administers security systems, managing user access and enforcing security policies.",Network / System,"SECURITY ADMINISTRATOR Security Tools, System Administration, User Management, Security Policies Administers security systems, managing user access and enforcing security policies.",security administrator security tools system administration user management security policies administers security systems managing user access and enforcing security policies.
SECURITY SPECIALIST,"Security Protocols, Threat Analysis, Compliance, Risk Management",Implements and manages security measures to protect computer systems and networks.,Other IT,"SECURITY SPECIALIST Security Protocols, Threat Analysis, Compliance, Risk Management Implements and manages security measures to protect computer systems and networks.",security specialist security protocols threat analysis compliance risk management implements and manages security measures to protect computer systems and networks.
CHIEF INFORMATION OFFICER,"IT Strategy, Leadership, Budgeting, Project Management","Leads IT organizations, defining IT strategy and overseeing IT operations.",Other IT,"CHIEF INFORMATION OFFICER IT Strategy, Leadership, Budgeting, Project Management Leads IT organizations, defining IT strategy and overseeing IT operations.",chief information officer it strategy leadership budgeting project management leads it organizations defining it strategy and overseeing it operations.
NETWORK SECURITY ENGINEER,"Networking Protocols, Security Protocols, Firewall Management, Intrusion Detection","Implements and manages network security measures, protecting networks from threats.",Cybersecurity,"NETWORK SECURITY ENGINEER Networking Protocols, Security Protocols, Firewall Management, Intrusion Detection Implements and manages network security measures, protecting networks from threats.",network security engineer networking protocols security protocols firewall management intrusion detection implements and manages network security measures protecting networks from threats.
MACHINE LEARNING ENGINEER FOR CYBERSECURITY,"Machine Learning Algorithms, Cybersecurity, Data Analysis, Threat Detection","Develops machine learning models for cybersecurity applications, such as threat detection and fraud prevention.",AI / Machine Learning,"MACHINE LEARNING ENGINEER FOR CYBERSECURITY Machine Learning Algorithms, Cybersecurity, Data Analysis, Threat Detection Develops machine learning models for cybersecurity applications, such as threat detection and fraud prevention.",machine learning engineer for cybersecurity machine learning algorithms cybersecurity data analysis threat detection develops machine learning models for cybersecurity applications such as threat detection and fraud prevention.
NETWORK ANALYST,"Network Monitoring, Troubleshooting, Performance Analysis, Reporting","Monitors network performance, troubleshoots issues, and provides performance reports.",Network / System,"NETWORK ANALYST Network Monitoring, Troubleshooting, Performance Analysis, Reporting Monitors network performance, troubleshoots issues, and provides performance reports.",network analyst network monitoring troubleshooting performance analysis reporting monitors network performance troubleshoots issues and provides performance reports.
NETWORK OPERATIONS ENGINEER,"Network Operations, Troubleshooting, Monitoring, Incident Response","Manages day-to-day network operations, resolving issues and ensuring network availability.",Cybersecurity,"NETWORK OPERATIONS ENGINEER Network Operations, Troubleshooting, Monitoring, Incident Response Manages day-to-day network operations, resolving issues and ensuring network availability.",network operations engineer network operations troubleshooting monitoring incident response manages day to day network operations resolving issues and ensuring network availability.
NETWORK RELIABILITY ENGINEER,"Network Reliability, Automation, Monitoring, Incident Response","Ensures the reliability and performance of network infrastructure, implementing automation and monitoring solutions.",Cybersecurity,"NETWORK RELIABILITY ENGINEER Network Reliability, Automation, Monitoring, Incident Response Ensures the reliability and performance of network infrastructure, implementing automation and monitoring solutions.",network reliability engineer network reliability automation monitoring incident response ensures the reliability and performance of network infrastructure implementing automation and monitoring solutions.
NETWORK INFRASTRUCTURE SPECIALIST,"Networking Hardware, Cabling, Network Design, Implementation","Installs, configures, and maintains network infrastructure, including cabling and hardware.",Network / System,"NETWORK INFRASTRUCTURE SPECIALIST Networking Hardware, Cabling, Network Design, Implementation Installs, configures, and maintains network infrastructure, including cabling and hardware.",network infrastructure specialist networking hardware cabling network design implementation installs configures and maintains network infrastructure including cabling and hardware.
COMPUTER SUPPORT SPECIALIST,"Technical Support, Troubleshooting, Customer Service, Hardware/Software","Provides technical support to end-users, resolving hardware and software issues.",Network / System,"COMPUTER SUPPORT SPECIALIST Technical Support, Troubleshooting, Customer Service, Hardware/Software Provides technical support to end-users, resolving hardware and software issues.",computer support specialist technical support troubleshooting customer service hardware software provides technical support to end users resolving hardware and software issues.
INFORMATION TECHNOLOGY ANALYST,"IT Analysis, Requirements Gathering, Process Improvement, IT Consulting","Analyzes IT systems and processes, recommending improvements and providing IT consulting services.",Other IT,"INFORMATION TECHNOLOGY ANALYST IT Analysis, Requirements Gathering, Process Improvement, IT Consulting Analyzes IT systems and processes, recommending improvements and providing IT consulting services.",information technology analyst it analysis requirements gathering process improvement it consulting analyzes it systems and processes recommending improvements and providing it consulting services.
TECHNOLOGY SALES CONSULTANT,"Sales, Technology Solutions, Customer Relationship Management, Technical Expertise","Sells technology solutions, providing technical expertise and building customer relationships.",Other IT,"TECHNOLOGY SALES CONSULTANT Sales, Technology Solutions, Customer Relationship Management, Technical Expertise Sells technology solutions, providing technical expertise and building customer relationships.",technology sales consultant sales technology solutions customer relationship management technical expertise sells technology solutions providing technical expertise and building customer relationships.
DATABASE DEVELOPER,"Database Development, SQL, PL/SQL, Data Modeling",Develops database applications and schemas.,Data,"DATABASE DEVELOPER Database Development, SQL, PL/SQL, Data Modeling Develops database applications and schemas.",database developer database development sql pl sql data modeling develops database applications and schemas.
DATABASE ANALYST,"Data Analysis, SQL, Data Modeling, Reporting",Analyzes data stored in databases and creates reports.,Data,"DATABASE ANALYST Data Analysis, SQL, Data Modeling, Reporting Analyzes data stored in databases and creates reports.",database analyst data analysis sql data modeling reporting analyzes data stored in databases and creates reports.
DATA WAREHOUSE MANAGER,"Data Warehousing, ETL Processes, Data Modeling, Team Leadership",Manages data warehouse projects and teams.,Data,"DATA WAREHOUSE MANAGER Data Warehousing, ETL Processes, Data Modeling, Team Leadership Manages data warehouse projects and teams.",data warehouse manager data warehousing etl processes data modeling team leadership manages data warehouse projects and teams.
DATA WAREHOUSE PROGRAMMING SPECIALIST,"ETL Processes, SQL, Data Modeling, Data Warehousing",Develops and maintains ETL processes for data warehousing.,Data,"DATA WAREHOUSE PROGRAMMING SPECIALIST ETL Processes, SQL, Data Modeling, Data Warehousing Develops and maintains ETL processes for data warehousing.",data warehouse programming specialist etl processes sql data modeling data warehousing develops and maintains etl processes for data warehousing.
INTELLIGENCE SPECIALIST,"Data Analysis, Intelligence Gathering, Reporting, Security",Gathers and analyzes intelligence data to support security and decision-making.,Data,"INTELLIGENCE SPECIALIST Data Analysis, Intelligence Gathering, Reporting, Security Gathers and analyzes intelligence data to support security and decision-making.",intelligence specialist data analysis intelligence gathering reporting security gathers and analyzes intelligence data to support security and decision making.
CLOUD/SOFTWARE ARCHITECT,"Cloud Platforms, System Architecture, Cloud Security, DevOps",Designs and oversees the implementation of cloud computing strategies.,DevOps / Cloud,"CLOUD/SOFTWARE ARCHITECT Cloud Platforms, System Architecture, Cloud Security, DevOps Designs and oversees the implementation of cloud computing strategies.",cloud software architect cloud platforms system architecture cloud security devops designs and oversees the implementation of cloud computing strategies.
CLOUD/SOFTWARE DEVELOPER,"Cloud Platforms, Programming Languages, Software Development, Cloud Services",Develops software applications on cloud platforms.,Backend Development,"CLOUD/SOFTWARE DEVELOPER Cloud Platforms, Programming Languages, Software Development, Cloud Services Develops software applications on cloud platforms.",cloud software developer cloud platforms programming languages software development cloud services develops software applications on cloud platforms.
CLOUD/SOFTWARE APPLICATIONS ENGINEER,"Cloud Platforms, Application Development, Cloud Services, DevOps",Develops and deploys applications on cloud platforms.,DevOps / Cloud,"CLOUD/SOFTWARE APPLICATIONS ENGINEER Cloud Platforms, Application Development, Cloud Services, DevOps Develops and deploys applications on cloud platforms.",cloud software applications engineer cloud platforms application development cloud services devops develops and deploys applications on cloud platforms.
CLOUD SYSTEM ADMINISTRATOR,"Cloud Platforms, System Administration, Virtualization, Networking","Manages and maintains cloud infrastructure, ensuring availability and performance.",Network / System,"CLOUD SYSTEM ADMINISTRATOR Cloud Platforms, System Administration, Virtualization, Networking Manages and maintains cloud infrastructure, ensuring availability and performance.",cloud system administrator cloud platforms system administration virtualization networking manages and maintains cloud infrastructure ensuring availability and performance.
CLOUD SYSTEM ENGINEER,"Cloud Platforms, System Engineering, Automation, Scripting","Engineers cloud infrastructure, implementing automation and ensuring system reliability.",Network / System,"CLOUD SYSTEM ENGINEER Cloud Platforms, System Engineering, Automation, Scripting Engineers cloud infrastructure, implementing automation and ensuring system reliability.",cloud system engineer cloud platforms system engineering automation scripting engineers cloud infrastructure implementing automation and ensuring system reliability.
PLATFORM ENGINEER,"Platform Engineering, Cloud Computing, Automation, DevOps Practices","Develops and maintains platform infrastructure, enabling efficient software development and deployment.",DevOps / Cloud,"PLATFORM ENGINEER Platform Engineering, Cloud Computing, Automation, DevOps Practices Develops and maintains platform infrastructure, enabling efficient software development and deployment.",platform engineer platform engineering cloud computing automation devops practices develops and maintains platform infrastructure enabling efficient software development and deployment.
SOFTWARE QUALITY ASSURANCE ANALYST,"QA Processes, Test Planning, Test Execution, Reporting",Ensures software quality through testing and reporting.,Other IT,"SOFTWARE QUALITY ASSURANCE ANALYST QA Processes, Test Planning, Test Execution, Reporting Ensures software quality through testing and reporting.",software quality assurance analyst qa processes test planning test execution reporting ensures software quality through testing and reporting.
UI (USER INTERFACE) DESIGNER,"UI Design, User Research, Prototyping, Usability Testing","Designs user interfaces, ensuring usability and aesthetic appeal.",Other IT,"UI (USER INTERFACE) DESIGNER UI Design, User Research, Prototyping, Usability Testing Designs user interfaces, ensuring usability and aesthetic appeal.",ui user interface designer ui design user research prototyping usability testing designs user interfaces ensuring usability and aesthetic appeal.
TECHNICAL ACCOUNT MANAGER,"Customer Relationship Management, Technical Support, Account Management, Sales","Manages customer accounts, providing technical support and building relationships.",Network / System,"TECHNICAL ACCOUNT MANAGER Customer Relationship Management, Technical Support, Account Management, Sales Manages customer accounts, providing technical support and building relationships.",technical account manager customer relationship management technical support account management sales manages customer accounts providing technical support and building relationships.
IT SALES EXECUTIVE,"Sales, Technology Solutions, Customer Relationship Management, Sales Strategy","Sells technology solutions, developing sales strategies and building customer relationships.",Other IT,"IT SALES EXECUTIVE Sales, Technology Solutions, Customer Relationship Management, Sales Strategy Sells technology solutions, developing sales strategies and building customer relationships.",it sales executive sales technology solutions customer relationship management sales strategy sells technology solutions developing sales strategies and building customer relationships.
IT SALES DIRECTOR,"Sales Leadership, Sales Strategy, Customer Relationship Management, Team Management","Leads IT sales teams, developing sales strategies and managing customer relationships.",Other IT,"IT SALES DIRECTOR Sales Leadership, Sales Strategy, Customer Relationship Management, Team Management Leads IT sales teams, developing sales strategies and managing customer relationships.",it sales director sales leadership sales strategy customer relationship management team management leads it sales teams developing sales strategies and managing customer relationships.
TECHNOLOGY MANAGER,"IT Management, Team Leadership, Project Management, Budgeting","Manages IT teams and projects, ensuring efficient operations.",Other IT,"TECHNOLOGY MANAGER IT Management, Team Leadership, Project Management, Budgeting Manages IT teams and projects, ensuring efficient operations.",technology manager it management team leadership project management budgeting manages it teams and projects ensuring efficient operations.
TECHNOLOGY ASSISTANT,"Technical Support, Administrative Support, Hardware/Software, Troubleshooting",Provides technical and administrative support to IT teams.,Network / System,"TECHNOLOGY ASSISTANT Technical Support, Administrative Support, Hardware/Software, Troubleshooting Provides technical and administrative support to IT teams.",technology assistant technical support administrative support hardware software troubleshooting provides technical and administrative support to it teams.
TECHNOLOGY SPECIALIST,"Technical Expertise, Problem Solving, Troubleshooting, IT Support","Provides technical expertise and support, resolving complex IT issues.",Network / System,"TECHNOLOGY SPECIALIST Technical Expertise, Problem Solving, Troubleshooting, IT Support Provides technical expertise and support, resolving complex IT issues.",technology specialist technical expertise problem solving troubleshooting it support provides technical expertise and support resolving complex it issues.
DIRECTOR ORACLE,"Oracle Database, Team Leadership, Project Management, Budgeting","Manages Oracle database teams and projects, ensuring efficient operations.",Data,"DIRECTOR ORACLE Oracle Database, Team Leadership, Project Management, Budgeting Manages Oracle database teams and projects, ensuring efficient operations.",director oracle oracle database team leadership project management budgeting manages oracle database teams and projects ensuring efficient operations.
KNOWLEDGE MANAGER,"Knowledge Management, Information Architecture, Collaboration, Documentation","Manages knowledge assets, ensuring information is accessible and organized.",Other IT,"KNOWLEDGE MANAGER Knowledge Management, Information Architecture, Collaboration, Documentation Manages knowledge assets, ensuring information is accessible and organized.",knowledge manager knowledge management information architecture collaboration documentation manages knowledge assets ensuring information is accessible and organized.
MANAGER HARDWARE,"Hardware Management, Team Leadership, Budgeting, Inventory Management","Manages hardware resources, leading teams and overseeing hardware operations.",Network / System,"MANAGER HARDWARE Hardware Management, Team Leadership, Budgeting, Inventory Management Manages hardware resources, leading teams and overseeing hardware operations.",manager hardware hardware management team leadership budgeting inventory management manages hardware resources leading teams and overseeing hardware operations.
SHAREPOINT MANAGER,"SharePoint, Team Leadership, Project Management, Collaboration","Manages SharePoint environments, leading teams and ensuring efficient collaboration.",Other IT,"SHAREPOINT MANAGER SharePoint, Team Leadership, Project Management, Collaboration Manages SharePoint environments, leading teams and ensuring efficient collaboration.",sharepoint manager sharepoint team leadership project management collaboration manages sharepoint environments leading teams and ensuring efficient collaboration.
REQUIREMENTS MANAGER,"Requirements Gathering, Analysis, Documentation, Communication","Manages requirements for IT projects, ensuring they are well-defined and communicated.",Other IT,"REQUIREMENTS MANAGER Requirements Gathering, Analysis, Documentation, Communication Manages requirements for IT projects, ensuring they are well-defined and communicated.",requirements manager requirements gathering analysis documentation communication manages requirements for it projects ensuring they are well defined and communicated.
IMPLEMENTATION DIRECTOR,"Implementation Management, Project Management, Team Leadership, Communication","Manages IT project implementations, leading teams and ensuring successful deployments.",Other IT,"IMPLEMENTATION DIRECTOR Implementation Management, Project Management, Team Leadership, Communication Manages IT project implementations, leading teams and ensuring successful deployments.",implementation director implementation management project management team leadership communication manages it project implementations leading teams and ensuring successful deployments.
TECHNOLOGY OFFICER,"IT Strategy, Leadership, Innovation, Project Management","Provides technology leadership, defining IT strategy and driving innovation.",Other IT,"TECHNOLOGY OFFICER IT Strategy, Leadership, Innovation, Project Management Provides technology leadership, defining IT strategy and driving innovation.",technology officer it strategy leadership innovation project management provides technology leadership defining it strategy and driving innovation.
DIRECTOR BUSINESS SYSTEMS,"Business Systems, Team Leadership, Project Management, Process Improvement","Manages business systems, leading teams and improving business processes.",Other IT,"DIRECTOR BUSINESS SYSTEMS Business Systems, Team Leadership, Project Management, Process Improvement Manages business systems, leading teams and improving business processes.",director business systems business systems team leadership project management process improvement manages business systems leading teams and improving business processes.
MANAGER NET,"NET Development, Team Leadership, Project Management, .NET Framework","Manages .NET development teams and projects, ensuring efficient development practices.",Other IT,"MANAGER NET NET Development, Team Leadership, Project Management, .NET Framework Manages .NET development teams and projects, ensuring efficient development practices.",manager net net development team leadership project management .net framework manages .net development teams and projects ensuring efficient development practices.
SYSTEMS INTEGRATION MANAGER,"Systems Integration, Project Management, Team Leadership, Communication","Manages systems integration projects, leading teams and ensuring successful integration.",Other IT,"SYSTEMS INTEGRATION MANAGER Systems Integration, Project Management, Team Leadership, Communication Manages systems integration projects, leading teams and ensuring successful integration.",systems integration manager systems integration project management team leadership communication manages systems integration projects leading teams and ensuring successful integration.
DIGITAL PROGRAM MANAGER,"Digital Strategy, Program Management, Team Leadership, Communication","Manages digital programs, leading teams and ensuring successful execution.",Other IT,"DIGITAL PROGRAM MANAGER Digital Strategy, Program Management, Team Leadership, Communication Manages digital programs, leading teams and ensuring successful execution.",digital program manager digital strategy program management team leadership communication manages digital programs leading teams and ensuring successful execution.
INTEGRATION DIRECTOR,"Integration Management, Project Management, Team Leadership, Communication","Manages integration projects, leading teams and ensuring successful integration.",Other IT,"INTEGRATION DIRECTOR Integration Management, Project Management, Team Leadership, Communication Manages integration projects, leading teams and ensuring successful integration.",integration director integration management project management team leadership communication manages integration projects leading teams and ensuring successful integration.
DIRECTOR HARDWARE,"Hardware Management, Team Leadership, Budgeting, Strategic Planning","Manages hardware resources, leading teams and developing hardware strategies.",Network / System,"DIRECTOR HARDWARE Hardware Management, Team Leadership, Budgeting, Strategic Planning Manages hardware resources, leading teams and developing hardware strategies.",director hardware hardware management team leadership budgeting strategic planning manages hardware resources leading teams and developing hardware strategies.
MANAGER LINUX,"Linux Administration, Team Leadership, Project Management, Troubleshooting","Manages Linux systems and teams, ensuring efficient operations and troubleshooting issues.",Network / System,"MANAGER LINUX Linux Administration, Team Leadership, Project Management, Troubleshooting Manages Linux systems and teams, ensuring efficient operations and troubleshooting issues.",manager linux linux administration team leadership project management troubleshooting manages linux systems and teams ensuring efficient operations and troubleshooting issues.
MANAGER PHP,"PHP Development, Team Leadership, Project Management, Web Development","Manages PHP development teams and projects, ensuring efficient development practices.",Backend Development,"MANAGER PHP PHP Development, Team Leadership, Project Management, Web Development Manages PHP development teams and projects, ensuring efficient development practices.",manager php php development team leadership project management web development manages php development teams and projects ensuring efficient development practices.
FIRMWARE MANAGER,"Firmware Development, Team Leadership, Project Management, Embedded Systems","Manages firmware development teams and projects, ensuring efficient development practices.",Backend Development,"FIRMWARE MANAGER Firmware Development, Team Leadership, Project Management, Embedded Systems Manages firmware development teams and projects, ensuring efficient development practices.",firmware manager firmware development team leadership project management embedded systems manages firmware development teams and projects ensuring efficient development practices.
IT PROGRAM ENGAGEMENT DIRECTOR,"IT Program Management, Customer Relationship Management, Stakeholder Management, Team Leadership","Manages IT program engagements, building customer relationships and leading teams.",Other IT,"IT PROGRAM ENGAGEMENT DIRECTOR IT Program Management, Customer Relationship Management, Stakeholder Management, Team Leadership Manages IT program engagements, building customer relationships and leading teams.",it program engagement director it program management customer relationship management stakeholder management team leadership manages it program engagements building customer relationships and leading teams.
MANAGER UNIX,"UNIX Administration, Team Leadership, Project Management, Troubleshooting","Manages UNIX systems and teams, ensuring efficient operations and troubleshooting issues.",Network / System,"MANAGER UNIX UNIX Administration, Team Leadership, Project Management, Troubleshooting Manages UNIX systems and teams, ensuring efficient operations and troubleshooting issues.",manager unix unix administration team leadership project management troubleshooting manages unix systems and teams ensuring efficient operations and troubleshooting issues.
TECHNOLOGY ADOPTION MANAGER,"Technology Adoption, Training, Communication, Change Management","Manages technology adoption initiatives, providing training and communication to ensure successful adoption.",Other IT,"TECHNOLOGY ADOPTION MANAGER Technology Adoption, Training, Communication, Change Management Manages technology adoption initiatives, providing training and communication to ensure successful adoption.",technology adoption manager technology adoption training communication change management manages technology adoption initiatives providing training and communication to ensure successful adoption.
IT SUPPORT SPECIALIST,"Technical Support, Troubleshooting, Customer Service, Hardware/Software","Provides technical support to end-users, resolving hardware and software issues.",Network / System,"IT SUPPORT SPECIALIST Technical Support, Troubleshooting, Customer Service, Hardware/Software Provides technical support to end-users, resolving hardware and software issues.",it support specialist technical support troubleshooting customer service hardware software provides technical support to end users resolving hardware and software issues.
CUSTOMER SERVICE REPRESENTATIVE,"Customer Service, Communication, Problem Solving, Technical Support","Provides customer service, resolving issues and providing technical support.",Network / System,"CUSTOMER SERVICE REPRESENTATIVE Customer Service, Communication, Problem Solving, Technical Support Provides customer service, resolving issues and providing technical support.",customer service representative customer service communication problem solving technical support provides customer service resolving issues and providing technical support.
TECHNICAL PRODUCT MANAGER,"Product Management, Technical Expertise, Market Analysis, Requirements Gathering","Manages technical products, defining product strategy and gathering requirements.",Other IT,"TECHNICAL PRODUCT MANAGER Product Management, Technical Expertise, Market Analysis, Requirements Gathering Manages technical products, defining product strategy and gathering requirements.",technical product manager product management technical expertise market analysis requirements gathering manages technical products defining product strategy and gathering requirements.
PROJECT MANAGER,"Project Management, Planning, Execution, Communication","Manages projects, ensuring they are completed on time and within budget.",Other IT,"PROJECT MANAGER Project Management, Planning, Execution, Communication Manages projects, ensuring they are completed on time and within budget.",project manager project management planning execution communication manages projects ensuring they are completed on time and within budget.
PROGRAM MANAGER,"Program Management, Planning, Execution, Communication","Manages programs, ensuring they are completed on time and within budget.",Other IT,"PROGRAM MANAGER Program Management, Planning, Execution, Communication Manages programs, ensuring they are completed on time and within budget.",program manager program management planning execution communication manages programs ensuring they are completed on time and within budget.
PORTFOLIO MANAGER,"Portfolio Management, Investment Management, Risk Management, Financial Analysis","Manages investment portfolios, assessing risk and making investment decisions.",Other IT,"PORTFOLIO MANAGER Portfolio Management, Investment Management, Risk Management, Financial Analysis Manages investment portfolios, assessing risk and making investment decisions.",portfolio manager portfolio management investment management risk management financial analysis manages investment portfolios assessing risk and making investment decisions.
CHIEF INFORMATION OFFICER (CIO),"IT Strategy, Leadership, Budgeting, Project Management","Leads IT organizations, defining IT strategy and overseeing IT operations.",Other IT,"CHIEF INFORMATION OFFICER (CIO) IT Strategy, Leadership, Budgeting, Project Management Leads IT organizations, defining IT strategy and overseeing IT operations.",chief information officer cio it strategy leadership budgeting project management leads it organizations defining it strategy and overseeing it operations.
CHIEF TECHNOLOGY OFFICER (CTO),"Technology Strategy, Innovation, Research and Development, Team Leadership","Leads technology initiatives, driving innovation and overseeing research and development.",Other IT,"CHIEF TECHNOLOGY OFFICER (CTO) Technology Strategy, Innovation, Research and Development, Team Leadership Leads technology initiatives, driving innovation and overseeing research and development.",chief technology officer cto technology strategy innovation research and development team leadership leads technology initiatives driving innovation and overseeing research and development.
IT DIRECTOR,"IT Management, Team Leadership, Budgeting, Project Management","Manages IT teams and projects, ensuring efficient operations.",Other IT,"IT DIRECTOR IT Management, Team Leadership, Budgeting, Project Management Manages IT teams and projects, ensuring efficient operations.",it director it management team leadership budgeting project management manages it teams and projects ensuring efficient operations.
TECHNICAL OPERATIONS OFFICER,"Technical Operations, Infrastructure Management, System Administration, Incident Response","Manages technical operations, ensuring the stability and performance of IT systems.",Cybersecurity,"TECHNICAL OPERATIONS OFFICER Technical Operations, Infrastructure Management, System Administration, Incident Response Manages technical operations, ensuring the stability and performance of IT systems.",technical operations officer technical operations infrastructure management system administration incident response manages technical operations ensuring the stability and performance of it systems.
INFORMATION MANAGEMENT SYSTEMS DIRECTOR,"Information Management, Systems Administration, Data Management, Compliance","Manages information management systems, ensuring data is accessible and secure.",Network / System,"INFORMATION MANAGEMENT SYSTEMS DIRECTOR Information Management, Systems Administration, Data Management, Compliance Manages information management systems, ensuring data is accessible and secure.",information management systems director information management systems administration data management compliance manages information management systems ensuring data is accessible and secure.
SENIOR IT CONSULTANT,"IT Consulting, Project Management, Technical Expertise, Client Management","Provides IT consulting services, managing projects and providing technical expertise.",Other IT,"SENIOR IT CONSULTANT IT Consulting, Project Management, Technical Expertise, Client Management Provides IT consulting services, managing projects and providing technical expertise.",senior it consultant it consulting project management technical expertise client management provides it consulting services managing projects and providing technical expertise.
TECHNICAL LEAD,"Technical Leadership, Software Development, Team Leadership, Mentoring","Leads technical teams, providing guidance and mentoring team members.",Backend Development,"TECHNICAL LEAD Technical Leadership, Software Development, Team Leadership, Mentoring Leads technical teams, providing guidance and mentoring team members.",technical lead technical leadership software development team leadership mentoring leads technical teams providing guidance and mentoring team members.
IT APPRENTICE,"Technical Support, Troubleshooting, Learning Agility, Customer Service","Provides technical support to end-users, learning IT concepts and developing technical skills.",Network / System,"IT APPRENTICE Technical Support, Troubleshooting, Learning Agility, Customer Service Provides technical support to end-users, learning IT concepts and developing technical skills.",it apprentice technical support troubleshooting learning agility customer service provides technical support to end users learning it concepts and developing technical skills.
IT TECHNICIAN,"Technical Support, Troubleshooting, Hardware/Software, Networking","Provides technical support to end-users, resolving hardware and software issues.",Network / System,"IT TECHNICIAN Technical Support, Troubleshooting, Hardware/Software, Networking Provides technical support to end-users, resolving hardware and software issues.",it technician technical support troubleshooting hardware software networking provides technical support to end users resolving hardware and software issues.
IT SYSTEMS ADMINISTRATOR,"System Administration, Linux/Windows Servers, Troubleshooting, Scripting","Manages and maintains IT systems, ensuring stability and performance.",Network / System,"IT SYSTEMS ADMINISTRATOR System Administration, Linux/Windows Servers, Troubleshooting, Scripting Manages and maintains IT systems, ensuring stability and performance.",it systems administrator system administration linux windows servers troubleshooting scripting manages and maintains it systems ensuring stability and performance.
IT ENGINEER,"System Engineering, Networking, Cloud Computing, Security","Engineers IT systems, ensuring scalability, reliability, and security.",DevOps / Cloud,"IT ENGINEER System Engineering, Networking, Cloud Computing, Security Engineers IT systems, ensuring scalability, reliability, and security.",it engineer system engineering networking cloud computing security engineers it systems ensuring scalability reliability and security.
COMPUTER NETWORK SPECIALIST,"Networking, Troubleshooting, System Administration, Security","Manages and maintains computer networks, ensuring stability and security.",Network / System,"COMPUTER NETWORK SPECIALIST Networking, Troubleshooting, System Administration, Security Manages and maintains computer networks, ensuring stability and security.",computer network specialist networking troubleshooting system administration security manages and maintains computer networks ensuring stability and security.
COMPUTER AND INFORMATION RESEARCH SCIENTIST,"Research Methodologies, Data Analysis, Programming, Scientific Writing",Conducts research in computer science and develops new technologies.,Data,"COMPUTER AND INFORMATION RESEARCH SCIENTIST Research Methodologies, Data Analysis, Programming, Scientific Writing Conducts research in computer science and develops new technologies.",computer and information research scientist research methodologies data analysis programming scientific writing conducts research in computer science and develops new technologies.
COMPUTER AND INFORMATION RESEARCH MANAGER,"Research Management, Team Leadership, Budgeting, Project Management",Manages computer and information research projects and teams.,Other IT,"COMPUTER AND INFORMATION RESEARCH MANAGER Research Management, Team Leadership, Budgeting, Project Management Manages computer and information research projects and teams.",computer and information research manager research management team leadership budgeting project management manages computer and information research projects and teams.
SOFTWARE DEVELOPMENT MANAGER,"Software Development, Team Leadership, Project Management, Software Architecture","Manages software development teams and projects, ensuring efficient development practices.",Backend Development,"SOFTWARE DEVELOPMENT MANAGER Software Development, Team Leadership, Project Management, Software Architecture Manages software development teams and projects, ensuring efficient development practices.",software development manager software development team leadership project management software architecture manages software development teams and projects ensuring efficient development practices.
SOFTWARE DEVELOPMENT ENGINEER,"Software Development, Programming Languages, Algorithm Design, Problem Solving","Develops software applications, implementing algorithms and solving complex problems.",Backend Development,"SOFTWARE DEVELOPMENT ENGINEER Software Development, Programming Languages, Algorithm Design, Problem Solving Develops software applications, implementing algorithms and solving complex problems.",software development engineer software development programming languages algorithm design problem solving develops software applications implementing algorithms and solving complex problems.
APPLICATION DESIGNER,"Application Design, UI/UX Principles, Programming Languages, Software Architecture","Designs software applications, ensuring usability and functionality.",Backend Development,"APPLICATION DESIGNER Application Design, UI/UX Principles, Programming Languages, Software Architecture Designs software applications, ensuring usability and functionality.",application designer application design ui ux principles programming languages software architecture designs software applications ensuring usability and functionality.
APPLICATION ENGINEER,"Application Development, Programming Languages, Troubleshooting, System Administration","Develops and maintains software applications, troubleshooting issues and ensuring stability.",Backend Development,"APPLICATION ENGINEER Application Development, Programming Languages, Troubleshooting, System Administration Develops and maintains software applications, troubleshooting issues and ensuring stability.",application engineer application development programming languages troubleshooting system administration develops and maintains software applications troubleshooting issues and ensuring stability.
LEAD PROGRAMMER,"Programming Languages, Software Development, Team Leadership, Mentoring","Leads programming teams, providing technical guidance and mentoring team members.",Backend Development,"LEAD PROGRAMMER Programming Languages, Software Development, Team Leadership, Mentoring Leads programming teams, providing technical guidance and mentoring team members.",lead programmer programming languages software development team leadership mentoring leads programming teams providing technical guidance and mentoring team members.
ITERATION MANAGER,"Agile Methodologies, Scrum, Kanban, Team Facilitation","Facilitates agile development teams, ensuring efficient iteration and collaboration.",Other IT,"ITERATION MANAGER Agile Methodologies, Scrum, Kanban, Team Facilitation Facilitates agile development teams, ensuring efficient iteration and collaboration.",iteration manager agile methodologies scrum kanban team facilitation facilitates agile development teams ensuring efficient iteration and collaboration.
WEBMASTER,"Web Development, Web Design, System Administration, Content Management","Manages websites, ensuring functionality, security, and content quality.",Network / System,"WEBMASTER Web Development, Web Design, System Administration, Content Management Manages websites, ensuring functionality, security, and content quality.",webmaster web development web design system administration content management manages websites ensuring functionality security and content quality.
UX/UI RESEARCHER,"User Research, Usability Testing, Data Analysis, Reporting",Conducts user research and usability testing to inform design decisions.,Data,"UX/UI RESEARCHER User Research, Usability Testing, Data Analysis, Reporting Conducts user research and usability testing to inform design decisions.",ux ui researcher user research usability testing data analysis reporting conducts user research and usability testing to inform design decisions.
UX/UI SPECIALIST,"UX/UI Design, User Research, Prototyping, Usability Testing","Designs user interfaces and experiences, ensuring usability and aesthetic appeal.",Other IT,"UX/UI SPECIALIST UX/UI Design, User Research, Prototyping, Usability Testing Designs user interfaces and experiences, ensuring usability and aesthetic appeal.",ux ui specialist ux ui design user research prototyping usability testing designs user interfaces and experiences ensuring usability and aesthetic appeal.
ANIMATOR,"Animation Software, 2D/3D Animation, Storyboarding, Visual Effects","Creates animations for various media, including films, games, and websites.",Other IT,"ANIMATOR Animation Software, 2D/3D Animation, Storyboarding, Visual Effects Creates animations for various media, including films, games, and websites.",animator animation software 2d 3d animation storyboarding visual effects creates animations for various media including films games and websites.
MOTION GRAPHICS ARTIST,"Motion Graphics, Animation Software, Visual Effects, Graphic Design",Creates motion graphics and visual effects for various media.,Other IT,"MOTION GRAPHICS ARTIST Motion Graphics, Animation Software, Visual Effects, Graphic Design Creates motion graphics and visual effects for various media.",motion graphics artist motion graphics animation software visual effects graphic design creates motion graphics and visual effects for various media.
2D ARTIST/ANIMATOR,"2D Animation, Drawing, Illustration, Animation Software",Creates 2D animations for various media.,Other IT,"2D ARTIST/ANIMATOR 2D Animation, Drawing, Illustration, Animation Software Creates 2D animations for various media.",2d artist animator 2d animation drawing illustration animation software creates 2d animations for various media.
3D ARTIST/ANIMATOR,"3D Animation, Modeling, Texturing, Rigging",Creates 3D animations for various media.,Other IT,"3D ARTIST/ANIMATOR 3D Animation, Modeling, Texturing, Rigging Creates 3D animations for various media.",3d artist animator 3d animation modeling texturing rigging creates 3d animations for various media.
CHARACTER DESIGNER,"Character Design, Illustration, Drawing, Animation","Designs characters for animation, games, and other media.",Other IT,"CHARACTER DESIGNER Character Design, Illustration, Drawing, Animation Designs characters for animation, games, and other media.",character designer character design illustration drawing animation designs characters for animation games and other media.
STORYBOARD ARTIST,"Storyboarding, Drawing, Visual Communication, Film/Animation","Creates storyboards for films, animations, and other media.",Other IT,"STORYBOARD ARTIST Storyboarding, Drawing, Visual Communication, Film/Animation Creates storyboards for films, animations, and other media.",storyboard artist storyboarding drawing visual communication film animation creates storyboards for films animations and other media.
VFX ARTIST,"Visual Effects, Compositing, 3D Modeling, Simulation","Creates visual effects for films, television, and other media.",Other IT,"VFX ARTIST Visual Effects, Compositing, 3D Modeling, Simulation Creates visual effects for films, television, and other media.",vfx artist visual effects compositing 3d modeling simulation creates visual effects for films television and other media.
RIGGING ARTIST,"Rigging, Animation, 3D Modeling, Character Setup",Creates rigs for animating 3D characters.,Other IT,"RIGGING ARTIST Rigging, Animation, 3D Modeling, Character Setup Creates rigs for animating 3D characters.",rigging artist rigging animation 3d modeling character setup creates rigs for animating 3d characters.
TECHNICAL ANIMATOR,"Technical Animation, Scripting, Programming, Animation Software",Develops tools and workflows for animation production.,Other IT,"TECHNICAL ANIMATOR Technical Animation, Scripting, Programming, Animation Software Develops tools and workflows for animation production.",technical animator technical animation scripting programming animation software develops tools and workflows for animation production.
ART DIRECTOR,"Art Direction, Visual Design, Team Leadership, Project Management","Leads art teams, providing visual direction and ensuring aesthetic consistency.",Other IT,"ART DIRECTOR Art Direction, Visual Design, Team Leadership, Project Management Leads art teams, providing visual direction and ensuring aesthetic consistency.",art director art direction visual design team leadership project management leads art teams providing visual direction and ensuring aesthetic consistency.
ANIMATION DIRECTOR,"Animation Direction, Storytelling, Team Leadership, Project Management","Directs animation projects, ensuring artistic quality and storytelling effectiveness.",Other IT,"ANIMATION DIRECTOR Animation Direction, Storytelling, Team Leadership, Project Management Directs animation projects, ensuring artistic quality and storytelling effectiveness.",animation director animation direction storytelling team leadership project management directs animation projects ensuring artistic quality and storytelling effectiveness.
VISUAL EFFECTS ANIMATOR,"Visual Effects, Animation, Compositing, 3D Modeling","Creates visual effects for films, television, and other media.",Other IT,"VISUAL EFFECTS ANIMATOR Visual Effects, Animation, Compositing, 3D Modeling Creates visual effects for films, television, and other media.",visual effects animator visual effects animation compositing 3d modeling creates visual effects for films television and other media.
GRAPHIC EFFECTS SUPERVISOR,"Visual Effects Supervision, Team Leadership, Technical Expertise, Project Management","Supervises visual effects projects, ensuring technical and artistic quality.",Other IT,"GRAPHIC EFFECTS SUPERVISOR Visual Effects Supervision, Team Leadership, Technical Expertise, Project Management Supervises visual effects projects, ensuring technical and artistic quality.",graphic effects supervisor visual effects supervision team leadership technical expertise project management supervises visual effects projects ensuring technical and artistic quality.
FORENSIC ANIMATOR,"Forensic Animation, 3D Modeling, Legal Expertise, Visual Communication","Creates animations for legal presentations, visualizing forensic evidence.",Other IT,"FORENSIC ANIMATOR Forensic Animation, 3D Modeling, Legal Expertise, Visual Communication Creates animations for legal presentations, visualizing forensic evidence.",forensic animator forensic animation 3d modeling legal expertise visual communication creates animations for legal presentations visualizing forensic evidence.
COMPOSITOR,"Compositing, Visual Effects, Color Correction, Image Manipulation","Combines visual elements to create final images for films, television, and other media.",Other IT,"COMPOSITOR Compositing, Visual Effects, Color Correction, Image Manipulation Combines visual elements to create final images for films, television, and other media.",compositor compositing visual effects color correction image manipulation combines visual elements to create final images for films television and other media.
EFFECTS TECHNICAL DIRECTOR (FX TD),"Visual Effects, Technical Expertise, Scripting, Problem Solving",Develops technical solutions for visual effects production.,Other IT,"EFFECTS TECHNICAL DIRECTOR (FX TD) Visual Effects, Technical Expertise, Scripting, Problem Solving Develops technical solutions for visual effects production.",effects technical director fx td visual effects technical expertise scripting problem solving develops technical solutions for visual effects production.
LAYOUT ARTIST,"Layout, Cinematography, 3D Modeling, Visual Storytelling","Creates layouts for animated scenes, determining camera angles and composition.",Other IT,"LAYOUT ARTIST Layout, Cinematography, 3D Modeling, Visual Storytelling Creates layouts for animated scenes, determining camera angles and composition.",layout artist layout cinematography 3d modeling visual storytelling creates layouts for animated scenes determining camera angles and composition.
AI RESEARCHER,"AI/ML Algorithms, Python, Research Methodologies, Data Analysis","Conducts research in artificial intelligence and machine learning, developing new algorithms and techniques.",AI / Machine Learning,"AI RESEARCHER AI/ML Algorithms, Python, Research Methodologies, Data Analysis Conducts research in artificial intelligence and machine learning, developing new algorithms and techniques.",ai researcher ai ml algorithms python research methodologies data analysis conducts research in artificial intelligence and machine learning developing new algorithms and techniques.
AI SOFTWARE ARCHITECT,"AI/ML Architecture, Software Design, Cloud Computing, Data Modeling","Designs and implements AI software systems, ensuring scalability and performance.",AI / Machine Learning,"AI SOFTWARE ARCHITECT AI/ML Architecture, Software Design, Cloud Computing, Data Modeling Designs and implements AI software systems, ensuring scalability and performance.",ai software architect ai ml architecture software design cloud computing data modeling designs and implements ai software systems ensuring scalability and performance.
BUSINESS INTELLIGENCE DEVELOPER,"Business Intelligence Tools, Data Modeling, SQL, ETL Processes","Develops business intelligence solutions, creating reports and dashboards.",Data,"BUSINESS INTELLIGENCE DEVELOPER Business Intelligence Tools, Data Modeling, SQL, ETL Processes Develops business intelligence solutions, creating reports and dashboards.",business intelligence developer business intelligence tools data modeling sql etl processes develops business intelligence solutions creating reports and dashboards.
